72057594038000684,0,2.486842,24264.24,0,0.38,-0.1,0,0.38,-0.1,0,0.38,-0.1,0,0.38,-0.1,0,0.38,-0.1,0,0.38,-0.1,0,0.38,-0.1,0,0.38,-0.1,0,0.38,-0.1,0,0.38,-0.1,0,0.38,-0.1,0,0.38,-0.1,0,0.38,-0.1,0,0.38,-0.1,0,0.38,-0.1,0,0.38,-0.1,0,0.38,-0.1
72057594038000684,0,0.8094801,24264.24,-0.01692503,0.2213445,1.865436,0.009267792,0.9277112,1.813117,-0.1178551,0.7081627,1.771631,-0.1094281,0.4455698,1.702608,-0.1269959,0.1545841,1.739582,-0.1299059,0.06597441,1.740403,0.1331892,0.6767284,1.793242,0.1862155,0.4289468,1.785525,0.2027113,0.2236193,1.7021,0.1918344,0.1980991,1.704014,-0.07410878,0.2313319,1.827594,-0.1489471,-0.04290178,1.789377,-0.1646986,-0.2087415,1.787947,0.04085194,0.2169949,1.833448,0.1075841,-0.0582853,1.769668,0.1019834,-0.2127709,1.780172,0.0002665797,0.7358792,1.82403
72057594038000684,0,0.8094801,24264.25,-0.01692503,0.2213445,1.865436,0.009267792,0.9277112,1.813117,-0.1178551,0.7081627,1.771631,-0.1094281,0.4455698,1.702608,-0.1269959,0.1545841,1.739582,-0.1299059,0.06597441,1.740403,0.1331892,0.6767284,1.793242,0.1862155,0.4289468,1.785525,0.2027113,0.2236193,1.7021,0.1918344,0.1980991,1.704014,-0.07410878,0.2313319,1.827594,-0.1489471,-0.04290178,1.789377,-0.1646986,-0.2087415,1.787947,0.04085194,0.2169949,1.833448,0.1075841,-0.0582853,1.769668,0.1019834,-0.2127709,1.780172,0.0002665797,0.7358792,1.82403
72057594038000684,0,0.8094801,24264.25,-0.01692503,0.2213445,1.865436,0.009267792,0.9277112,1.813117,-0.1178551,0.7081627,1.771631,-0.1094281,0.4455698,1.702608,-0.1269959,0.1545841,1.739582,-0.1299059,0.06597441,1.740403,0.1331892,0.6767284,1.793242,0.1862155,0.4289468,1.785525,0.2027113,0.2236193,1.7021,0.1918344,0.1980991,1.704014,-0.07410878,0.2313319,1.827594,-0.1489471,-0.04290178,1.789377,-0.1646986,-0.2087415,1.787947,0.04085194,0.2169949,1.833448,0.1075841,-0.0582853,1.769668,0.1019834,-0.2127709,1.780172,0.0002665797,0.7358792,1.82403
72057594038000684,0,0.8094801,24264.25,-0.01692503,0.2213445,1.865436,0.009267792,0.9277112,1.813117,-0.1178551,0.7081627,1.771631,-0.1094281,0.4455698,1.702608,-0.1269959,0.1545841,1.739582,-0.1299059,0.06597441,1.740403,0.1331892,0.6767284,1.793242,0.1862155,0.4289468,1.785525,0.2027113,0.2236193,1.7021,0.1918344,0.1980991,1.704014,-0.07410878,0.2313319,1.827594,-0.1489471,-0.04290178,1.789377,-0.1646986,-0.2087415,1.787947,0.04085194,0.2169949,1.833448,0.1075841,-0.0582853,1.769668,0.1019834,-0.2127709,1.780172,0.0002665797,0.7358792,1.82403
72057594038000684,0,0.8094801,24264.26,-0.01692503,0.2213445,1.865436,0.009267792,0.9277112,1.813117,-0.1178551,0.7081627,1.771631,-0.1094281,0.4455698,1.702608,-0.1269959,0.1545841,1.739582,-0.1299059,0.06597441,1.740403,0.1331892,0.6767284,1.793242,0.1862155,0.4289468,1.785525,0.2027113,0.2236193,1.7021,0.1918344,0.1980991,1.704014,-0.07410878,0.2313319,1.827594,-0.1489471,-0.04290178,1.789377,-0.1646986,-0.2087415,1.787947,0.04085194,0.2169949,1.833448,0.1075841,-0.0582853,1.769668,0.1019834,-0.2127709,1.780172,0.0002665797,0.7358792,1.82403
72057594038000684,1,1.090857,24264.26,-0.01692503,0.2213445,1.865436,0.009267792,0.9277112,1.813117,-0.1178551,0.7081627,1.771631,-0.1094281,0.4455698,1.702608,-0.1269959,0.1545841,1.739582,-0.1299059,0.06597441,1.740403,0.1331892,0.6767284,1.793242,0.1862155,0.4289468,1.785525,0.2027113,0.2236193,1.7021,0.1918344,0.1980991,1.704014,-0.07410878,0.2313319,1.827594,-0.1489471,-0.04290178,1.789377,-0.1646986,-0.2087415,1.787947,0.04085194,0.2169949,1.833448,0.1075841,-0.0582853,1.769668,0.1019834,-0.2127709,1.780172,0.0002665797,0.7358792,1.82403
72057594038000684,1,1.090857,24264.27,-0.01692503,0.2213445,1.865436,0.009267792,0.9277112,1.813117,-0.1178551,0.7081627,1.771631,-0.1094281,0.4455698,1.702608,-0.1269959,0.1545841,1.739582,-0.1299059,0.06597441,1.740403,0.1331892,0.6767284,1.793242,0.1862155,0.4289468,1.785525,0.2027113,0.2236193,1.7021,0.1918344,0.1980991,1.704014,-0.07410878,0.2313319,1.827594,-0.1489471,-0.04290178,1.789377,-0.1646986,-0.2087415,1.787947,0.04085194,0.2169949,1.833448,0.1075841,-0.0582853,1.769668,0.1019834,-0.2127709,1.780172,0.0002665797,0.7358792,1.82403
72057594038000684,1,1.090857,24264.27,-0.01692503,0.2213445,1.865436,0.009267792,0.9277112,1.813117,-0.1178551,0.7081627,1.771631,-0.1094281,0.4455698,1.702608,-0.1269959,0.1545841,1.739582,-0.1299059,0.06597441,1.740403,0.1331892,0.6767284,1.793242,0.1862155,0.4289468,1.785525,0.2027113,0.2236193,1.7021,0.1918344,0.1980991,1.704014,-0.07410878,0.2313319,1.827594,-0.1489471,-0.04290178,1.789377,-0.1646986,-0.2087415,1.787947,0.04085194,0.2169949,1.833448,0.1075841,-0.0582853,1.769668,0.1019834,-0.2127709,1.780172,0.0002665797,0.7358792,1.82403
72057594038000684,1,1.120665,24264.27,-0.007738558,0.2394054,1.815521,0.009431371,0.9272929,1.811728,-0.1177602,0.7079289,1.770975,-0.1367493,0.4408237,1.737615,-0.1012813,0.1801564,1.703413,-0.09767567,0.1175438,1.725086,0.1334867,0.6764795,1.792609,0.1863437,0.4286515,1.784931,0.2081948,0.2459354,1.708905,0.1971149,0.2117059,1.701646,-0.06514332,0.2488871,1.777614,-0.145207,-0.02777785,1.798855,-0.1645467,-0.2084984,1.787483,0.04993459,0.2349892,1.784428,0.1011049,-0.05143291,1.789473,0.1015143,-0.2106564,1.779774,0.000845867,0.7359073,1.822481
72057594038000684,1,1.120665,24264.28,-0.007738558,0.2394054,1.815521,0.009431371,0.9272929,1.811728,-0.1177602,0.7079289,1.770975,-0.1367493,0.4408237,1.737615,-0.1012813,0.1801564,1.703413,-0.09767567,0.1175438,1.725086,0.1334867,0.6764795,1.792609,0.1863437,0.4286515,1.784931,0.2081948,0.2459354,1.708905,0.1971149,0.2117059,1.701646,-0.06514332,0.2488871,1.777614,-0.145207,-0.02777785,1.798855,-0.1645467,-0.2084984,1.787483,0.04993459,0.2349892,1.784428,0.1011049,-0.05143291,1.789473,0.1015143,-0.2106564,1.779774,0.000845867,0.7359073,1.822481
72057594038000684,1,1.120665,24264.28,-0.007738558,0.2394054,1.815521,0.009431371,0.9272929,1.811728,-0.1177602,0.7079289,1.770975,-0.1367493,0.4408237,1.737615,-0.1012813,0.1801564,1.703413,-0.09767567,0.1175438,1.725086,0.1334867,0.6764795,1.792609,0.1863437,0.4286515,1.784931,0.2081948,0.2459354,1.708905,0.1971149,0.2117059,1.701646,-0.06514332,0.2488871,1.777614,-0.145207,-0.02777785,1.798855,-0.1645467,-0.2084984,1.787483,0.04993459,0.2349892,1.784428,0.1011049,-0.05143291,1.789473,0.1015143,-0.2106564,1.779774,0.000845867,0.7359073,1.822481
72057594038000684,1,1.120665,24264.28,-0.007738558,0.2394054,1.815521,0.009431371,0.9272929,1.811728,-0.1177602,0.7079289,1.770975,-0.1367493,0.4408237,1.737615,-0.1012813,0.1801564,1.703413,-0.09767567,0.1175438,1.725086,0.1334867,0.6764795,1.792609,0.1863437,0.4286515,1.784931,0.2081948,0.2459354,1.708905,0.1971149,0.2117059,1.701646,-0.06514332,0.2488871,1.777614,-0.145207,-0.02777785,1.798855,-0.1645467,-0.2084984,1.787483,0.04993459,0.2349892,1.784428,0.1011049,-0.05143291,1.789473,0.1015143,-0.2106564,1.779774,0.000845867,0.7359073,1.822481
72057594038000684,1,1.120665,24264.29,-0.007738558,0.2394054,1.815521,0.009431371,0.9272929,1.811728,-0.1177602,0.7079289,1.770975,-0.1367493,0.4408237,1.737615,-0.1012813,0.1801564,1.703413,-0.09767567,0.1175438,1.725086,0.1334867,0.6764795,1.792609,0.1863437,0.4286515,1.784931,0.2081948,0.2459354,1.708905,0.1971149,0.2117059,1.701646,-0.06514332,0.2488871,1.777614,-0.145207,-0.02777785,1.798855,-0.1645467,-0.2084984,1.787483,0.04993459,0.2349892,1.784428,0.1011049,-0.05143291,1.789473,0.1015143,-0.2106564,1.779774,0.000845867,0.7359073,1.822481
72057594038000684,1,1.120665,24264.29,-0.007738558,0.2394054,1.815521,0.009431371,0.9272929,1.811728,-0.1177602,0.7079289,1.770975,-0.1367493,0.4408237,1.737615,-0.1012813,0.1801564,1.703413,-0.09767567,0.1175438,1.725086,0.1334867,0.6764795,1.792609,0.1863437,0.4286515,1.784931,0.2081948,0.2459354,1.708905,0.1971149,0.2117059,1.701646,-0.06514332,0.2488871,1.777614,-0.145207,-0.02777785,1.798855,-0.1645467,-0.2084984,1.787483,0.04993459,0.2349892,1.784428,0.1011049,-0.05143291,1.789473,0.1015143,-0.2106564,1.779774,0.000845867,0.7359073,1.822481
72057594038000684,1,1.120665,24264.29,-0.007738558,0.2394054,1.815521,0.009431371,0.9272929,1.811728,-0.1177602,0.7079289,1.770975,-0.1367493,0.4408237,1.737615,-0.1012813,0.1801564,1.703413,-0.09767567,0.1175438,1.725086,0.1334867,0.6764795,1.792609,0.1863437,0.4286515,1.784931,0.2081948,0.2459354,1.708905,0.1971149,0.2117059,1.701646,-0.06514332,0.2488871,1.777614,-0.145207,-0.02777785,1.798855,-0.1645467,-0.2084984,1.787483,0.04993459,0.2349892,1.784428,0.1011049,-0.05143291,1.789473,0.1015143,-0.2106564,1.779774,0.000845867,0.7359073,1.822481
72057594038000684,1,1.120665,24264.3,-0.007738558,0.2394054,1.815521,0.009431371,0.9272929,1.811728,-0.1177602,0.7079289,1.770975,-0.1367493,0.4408237,1.737615,-0.1012813,0.1801564,1.703413,-0.09767567,0.1175438,1.725086,0.1334867,0.6764795,1.792609,0.1863437,0.4286515,1.784931,0.2081948,0.2459354,1.708905,0.1971149,0.2117059,1.701646,-0.06514332,0.2488871,1.777614,-0.145207,-0.02777785,1.798855,-0.1645467,-0.2084984,1.787483,0.04993459,0.2349892,1.784428,0.1011049,-0.05143291,1.789473,0.1015143,-0.2106564,1.779774,0.000845867,0.7359073,1.822481
72057594038000684,1,1.120665,24264.3,-0.007738558,0.2394054,1.815521,0.009431371,0.9272929,1.811728,-0.1177602,0.7079289,1.770975,-0.1367493,0.4408237,1.737615,-0.1012813,0.1801564,1.703413,-0.09767567,0.1175438,1.725086,0.1334867,0.6764795,1.792609,0.1863437,0.4286515,1.784931,0.2081948,0.2459354,1.708905,0.1971149,0.2117059,1.701646,-0.06514332,0.2488871,1.777614,-0.145207,-0.02777785,1.798855,-0.1645467,-0.2084984,1.787483,0.04993459,0.2349892,1.784428,0.1011049,-0.05143291,1.789473,0.1015143,-0.2106564,1.779774,0.000845867,0.7359073,1.822481
72057594038000684,1,1.120665,24264.31,-0.007738558,0.2394054,1.815521,0.009431371,0.9272929,1.811728,-0.1177602,0.7079289,1.770975,-0.1367493,0.4408237,1.737615,-0.1012813,0.1801564,1.703413,-0.09767567,0.1175438,1.725086,0.1334867,0.6764795,1.792609,0.1863437,0.4286515,1.784931,0.2081948,0.2459354,1.708905,0.1971149,0.2117059,1.701646,-0.06514332,0.2488871,1.777614,-0.145207,-0.02777785,1.798855,-0.1645467,-0.2084984,1.787483,0.04993459,0.2349892,1.784428,0.1011049,-0.05143291,1.789473,0.1015143,-0.2106564,1.779774,0.000845867,0.7359073,1.822481
72057594038000684,1,1.124366,24264.31,-0.004155141,0.2326187,1.815798,0.01014755,0.9271907,1.811176,-0.1137185,0.7049795,1.768377,-0.05507717,0.464095,1.693279,-0.05719737,0.214811,1.713463,-0.1016442,0.1455875,1.714459,0.1338061,0.6767665,1.791994,0.1866958,0.4285173,1.784752,0.2067281,0.2548102,1.712192,0.196644,0.2152865,1.700891,-0.06133082,0.2406105,1.77632,-0.1270172,-0.05309546,1.791325,-0.1800848,-0.2737496,1.789507,0.05331155,0.2294835,1.786112,0.09023526,-0.04668033,1.778693,0.1007033,-0.273357,1.779903,0.002535261,0.7355298,1.820479
72057594038000684,1,1.124366,24264.31,-0.004155141,0.2326187,1.815798,0.01014755,0.9271907,1.811176,-0.1137185,0.7049795,1.768377,-0.05507717,0.464095,1.693279,-0.05719737,0.214811,1.713463,-0.1016442,0.1455875,1.714459,0.1338061,0.6767665,1.791994,0.1866958,0.4285173,1.784752,0.2067281,0.2548102,1.712192,0.196644,0.2152865,1.700891,-0.06133082,0.2406105,1.77632,-0.1270172,-0.05309546,1.791325,-0.1800848,-0.2737496,1.789507,0.05331155,0.2294835,1.786112,0.09023526,-0.04668033,1.778693,0.1007033,-0.273357,1.779903,0.002535261,0.7355298,1.820479
72057594038000684,1,1.124366,24264.32,-0.004155141,0.2326187,1.815798,0.01014755,0.9271907,1.811176,-0.1137185,0.7049795,1.768377,-0.05507717,0.464095,1.693279,-0.05719737,0.214811,1.713463,-0.1016442,0.1455875,1.714459,0.1338061,0.6767665,1.791994,0.1866958,0.4285173,1.784752,0.2067281,0.2548102,1.712192,0.196644,0.2152865,1.700891,-0.06133082,0.2406105,1.77632,-0.1270172,-0.05309546,1.791325,-0.1800848,-0.2737496,1.789507,0.05331155,0.2294835,1.786112,0.09023526,-0.04668033,1.778693,0.1007033,-0.273357,1.779903,0.002535261,0.7355298,1.820479
72057594038000684,1,1.124366,24264.32,-0.004155141,0.2326187,1.815798,0.01014755,0.9271907,1.811176,-0.1137185,0.7049795,1.768377,-0.05507717,0.464095,1.693279,-0.05719737,0.214811,1.713463,-0.1016442,0.1455875,1.714459,0.1338061,0.6767665,1.791994,0.1866958,0.4285173,1.784752,0.2067281,0.2548102,1.712192,0.196644,0.2152865,1.700891,-0.06133082,0.2406105,1.77632,-0.1270172,-0.05309546,1.791325,-0.1800848,-0.2737496,1.789507,0.05331155,0.2294835,1.786112,0.09023526,-0.04668033,1.778693,0.1007033,-0.273357,1.779903,0.002535261,0.7355298,1.820479
72057594038000684,1,1.124366,24264.32,-0.004155141,0.2326187,1.815798,0.01014755,0.9271907,1.811176,-0.1137185,0.7049795,1.768377,-0.05507717,0.464095,1.693279,-0.05719737,0.214811,1.713463,-0.1016442,0.1455875,1.714459,0.1338061,0.6767665,1.791994,0.1866958,0.4285173,1.784752,0.2067281,0.2548102,1.712192,0.196644,0.2152865,1.700891,-0.06133082,0.2406105,1.77632,-0.1270172,-0.05309546,1.791325,-0.1800848,-0.2737496,1.789507,0.05331155,0.2294835,1.786112,0.09023526,-0.04668033,1.778693,0.1007033,-0.273357,1.779903,0.002535261,0.7355298,1.820479
72057594038000684,1,1.124366,24264.33,-0.004155141,0.2326187,1.815798,0.01014755,0.9271907,1.811176,-0.1137185,0.7049795,1.768377,-0.05507717,0.464095,1.693279,-0.05719737,0.214811,1.713463,-0.1016442,0.1455875,1.714459,0.1338061,0.6767665,1.791994,0.1866958,0.4285173,1.784752,0.2067281,0.2548102,1.712192,0.196644,0.2152865,1.700891,-0.06133082,0.2406105,1.77632,-0.1270172,-0.05309546,1.791325,-0.1800848,-0.2737496,1.789507,0.05331155,0.2294835,1.786112,0.09023526,-0.04668033,1.778693,0.1007033,-0.273357,1.779903,0.002535261,0.7355298,1.820479
72057594038000684,1,1.124366,24264.33,-0.004155141,0.2326187,1.815798,0.01014755,0.9271907,1.811176,-0.1137185,0.7049795,1.768377,-0.05507717,0.464095,1.693279,-0.05719737,0.214811,1.713463,-0.1016442,0.1455875,1.714459,0.1338061,0.6767665,1.791994,0.1866958,0.4285173,1.784752,0.2067281,0.2548102,1.712192,0.196644,0.2152865,1.700891,-0.06133082,0.2406105,1.77632,-0.1270172,-0.05309546,1.791325,-0.1800848,-0.2737496,1.789507,0.05331155,0.2294835,1.786112,0.09023526,-0.04668033,1.778693,0.1007033,-0.273357,1.779903,0.002535261,0.7355298,1.820479
72057594038000684,1,1.124366,24264.33,-0.004155141,0.2326187,1.815798,0.01014755,0.9271907,1.811176,-0.1137185,0.7049795,1.768377,-0.05507717,0.464095,1.693279,-0.05719737,0.214811,1.713463,-0.1016442,0.1455875,1.714459,0.1338061,0.6767665,1.791994,0.1866958,0.4285173,1.784752,0.2067281,0.2548102,1.712192,0.196644,0.2152865,1.700891,-0.06133082,0.2406105,1.77632,-0.1270172,-0.05309546,1.791325,-0.1800848,-0.2737496,1.789507,0.05331155,0.2294835,1.786112,0.09023526,-0.04668033,1.778693,0.1007033,-0.273357,1.779903,0.002535261,0.7355298,1.820479
72057594038000684,1,1.124366,24264.34,-0.004155141,0.2326187,1.815798,0.01014755,0.9271907,1.811176,-0.1137185,0.7049795,1.768377,-0.05507717,0.464095,1.693279,-0.05719737,0.214811,1.713463,-0.1016442,0.1455875,1.714459,0.1338061,0.6767665,1.791994,0.1866958,0.4285173,1.784752,0.2067281,0.2548102,1.712192,0.196644,0.2152865,1.700891,-0.06133082,0.2406105,1.77632,-0.1270172,-0.05309546,1.791325,-0.1800848,-0.2737496,1.789507,0.05331155,0.2294835,1.786112,0.09023526,-0.04668033,1.778693,0.1007033,-0.273357,1.779903,0.002535261,0.7355298,1.820479
72057594038000684,1,1.125645,24264.34,-0.001441926,0.2303441,1.81588,0.01123825,0.9271575,1.810552,-0.1098182,0.7027709,1.76651,-0.05525542,0.4676967,1.693946,-0.05686131,0.225167,1.71227,-0.09742536,0.1464266,1.713995,0.133966,0.6778634,1.790677,0.1859448,0.4360967,1.783953,0.2059186,0.2614623,1.714455,0.1989206,0.219799,1.699848,-0.05855405,0.2377467,1.776023,-0.1270065,-0.05310112,1.791271,-0.1828723,-0.2859887,1.788318,0.05580765,0.2279293,1.786544,0.09045605,-0.0467352,1.778716,0.1009873,-0.2859043,1.780306,0.004483069,0.7353601,1.818535
72057594038000684,1,1.125645,24264.35,-0.001441926,0.2303441,1.81588,0.01123825,0.9271575,1.810552,-0.1098182,0.7027709,1.76651,-0.05525542,0.4676967,1.693946,-0.05686131,0.225167,1.71227,-0.09742536,0.1464266,1.713995,0.133966,0.6778634,1.790677,0.1859448,0.4360967,1.783953,0.2059186,0.2614623,1.714455,0.1989206,0.219799,1.699848,-0.05855405,0.2377467,1.776023,-0.1270065,-0.05310112,1.791271,-0.1828723,-0.2859887,1.788318,0.05580765,0.2279293,1.786544,0.09045605,-0.0467352,1.778716,0.1009873,-0.2859043,1.780306,0.004483069,0.7353601,1.818535
72057594038000684,1,1.125645,24264.35,-0.001441926,0.2303441,1.81588,0.01123825,0.9271575,1.810552,-0.1098182,0.7027709,1.76651,-0.05525542,0.4676967,1.693946,-0.05686131,0.225167,1.71227,-0.09742536,0.1464266,1.713995,0.133966,0.6778634,1.790677,0.1859448,0.4360967,1.783953,0.2059186,0.2614623,1.714455,0.1989206,0.219799,1.699848,-0.05855405,0.2377467,1.776023,-0.1270065,-0.05310112,1.791271,-0.1828723,-0.2859887,1.788318,0.05580765,0.2279293,1.786544,0.09045605,-0.0467352,1.778716,0.1009873,-0.2859043,1.780306,0.004483069,0.7353601,1.818535
72057594038000684,1,1.125645,24264.35,-0.001441926,0.2303441,1.81588,0.01123825,0.9271575,1.810552,-0.1098182,0.7027709,1.76651,-0.05525542,0.4676967,1.693946,-0.05686131,0.225167,1.71227,-0.09742536,0.1464266,1.713995,0.133966,0.6778634,1.790677,0.1859448,0.4360967,1.783953,0.2059186,0.2614623,1.714455,0.1989206,0.219799,1.699848,-0.05855405,0.2377467,1.776023,-0.1270065,-0.05310112,1.791271,-0.1828723,-0.2859887,1.788318,0.05580765,0.2279293,1.786544,0.09045605,-0.0467352,1.778716,0.1009873,-0.2859043,1.780306,0.004483069,0.7353601,1.818535
72057594038000684,1,1.125645,24264.36,-0.001441926,0.2303441,1.81588,0.01123825,0.9271575,1.810552,-0.1098182,0.7027709,1.76651,-0.05525542,0.4676967,1.693946,-0.05686131,0.225167,1.71227,-0.09742536,0.1464266,1.713995,0.133966,0.6778634,1.790677,0.1859448,0.4360967,1.783953,0.2059186,0.2614623,1.714455,0.1989206,0.219799,1.699848,-0.05855405,0.2377467,1.776023,-0.1270065,-0.05310112,1.791271,-0.1828723,-0.2859887,1.788318,0.05580765,0.2279293,1.786544,0.09045605,-0.0467352,1.778716,0.1009873,-0.2859043,1.780306,0.004483069,0.7353601,1.818535
72057594038000684,1,1.125645,24264.36,-0.001441926,0.2303441,1.81588,0.01123825,0.9271575,1.810552,-0.1098182,0.7027709,1.76651,-0.05525542,0.4676967,1.693946,-0.05686131,0.225167,1.71227,-0.09742536,0.1464266,1.713995,0.133966,0.6778634,1.790677,0.1859448,0.4360967,1.783953,0.2059186,0.2614623,1.714455,0.1989206,0.219799,1.699848,-0.05855405,0.2377467,1.776023,-0.1270065,-0.05310112,1.791271,-0.1828723,-0.2859887,1.788318,0.05580765,0.2279293,1.786544,0.09045605,-0.0467352,1.778716,0.1009873,-0.2859043,1.780306,0.004483069,0.7353601,1.818535
72057594038000684,1,1.125645,24264.37,-0.001441926,0.2303441,1.81588,0.01123825,0.9271575,1.810552,-0.1098182,0.7027709,1.76651,-0.05525542,0.4676967,1.693946,-0.05686131,0.225167,1.71227,-0.09742536,0.1464266,1.713995,0.133966,0.6778634,1.790677,0.1859448,0.4360967,1.783953,0.2059186,0.2614623,1.714455,0.1989206,0.219799,1.699848,-0.05855405,0.2377467,1.776023,-0.1270065,-0.05310112,1.791271,-0.1828723,-0.2859887,1.788318,0.05580765,0.2279293,1.786544,0.09045605,-0.0467352,1.778716,0.1009873,-0.2859043,1.780306,0.004483069,0.7353601,1.818535
72057594038000684,1,1.125645,24264.37,-0.001441926,0.2303441,1.81588,0.01123825,0.9271575,1.810552,-0.1098182,0.7027709,1.76651,-0.05525542,0.4676967,1.693946,-0.05686131,0.225167,1.71227,-0.09742536,0.1464266,1.713995,0.133966,0.6778634,1.790677,0.1859448,0.4360967,1.783953,0.2059186,0.2614623,1.714455,0.1989206,0.219799,1.699848,-0.05855405,0.2377467,1.776023,-0.1270065,-0.05310112,1.791271,-0.1828723,-0.2859887,1.788318,0.05580765,0.2279293,1.786544,0.09045605,-0.0467352,1.778716,0.1009873,-0.2859043,1.780306,0.004483069,0.7353601,1.818535
72057594038000684,1,1.125645,24264.37,-0.001441926,0.2303441,1.81588,0.01123825,0.9271575,1.810552,-0.1098182,0.7027709,1.76651,-0.05525542,0.4676967,1.693946,-0.05686131,0.225167,1.71227,-0.09742536,0.1464266,1.713995,0.133966,0.6778634,1.790677,0.1859448,0.4360967,1.783953,0.2059186,0.2614623,1.714455,0.1989206,0.219799,1.699848,-0.05855405,0.2377467,1.776023,-0.1270065,-0.05310112,1.791271,-0.1828723,-0.2859887,1.788318,0.05580765,0.2279293,1.786544,0.09045605,-0.0467352,1.778716,0.1009873,-0.2859043,1.780306,0.004483069,0.7353601,1.818535
72057594038000684,1,1.1262,24264.37,0.0009470157,0.2296408,1.815741,0.01294726,0.926976,1.809715,-0.1096814,0.7028392,1.766514,-0.06094396,0.4701429,1.697343,-0.05844668,0.2312668,1.710391,-0.09808116,0.1450594,1.71273,0.1341192,0.6780211,1.790559,0.1867211,0.4407446,1.783019,0.2059755,0.2613694,1.714333,0.1997642,0.2205979,1.699489,-0.05613919,0.2372303,1.775439,-0.1269591,-0.0532198,1.791185,-0.1842258,-0.2933956,1.788069,0.05810754,0.227145,1.786853,0.09072641,-0.0468944,1.778659,0.1005874,-0.2934876,1.780669,0.006651051,0.7354816,1.816824
72057594038000684,1,1.1262,24264.38,0.0009470157,0.2296408,1.815741,0.01294726,0.926976,1.809715,-0.1096814,0.7028392,1.766514,-0.06094396,0.4701429,1.697343,-0.05844668,0.2312668,1.710391,-0.09808116,0.1450594,1.71273,0.1341192,0.6780211,1.790559,0.1867211,0.4407446,1.783019,0.2059755,0.2613694,1.714333,0.1997642,0.2205979,1.699489,-0.05613919,0.2372303,1.775439,-0.1269591,-0.0532198,1.791185,-0.1842258,-0.2933956,1.788069,0.05810754,0.227145,1.786853,0.09072641,-0.0468944,1.778659,0.1005874,-0.2934876,1.780669,0.006651051,0.7354816,1.816824
72057594038000684,1,1.1262,24264.38,0.0009470157,0.2296408,1.815741,0.01294726,0.926976,1.809715,-0.1096814,0.7028392,1.766514,-0.06094396,0.4701429,1.697343,-0.05844668,0.2312668,1.710391,-0.09808116,0.1450594,1.71273,0.1341192,0.6780211,1.790559,0.1867211,0.4407446,1.783019,0.2059755,0.2613694,1.714333,0.1997642,0.2205979,1.699489,-0.05613919,0.2372303,1.775439,-0.1269591,-0.0532198,1.791185,-0.1842258,-0.2933956,1.788069,0.05810754,0.227145,1.786853,0.09072641,-0.0468944,1.778659,0.1005874,-0.2934876,1.780669,0.006651051,0.7354816,1.816824
72057594038000684,1,1.1262,24264.38,0.0009470157,0.2296408,1.815741,0.01294726,0.926976,1.809715,-0.1096814,0.7028392,1.766514,-0.06094396,0.4701429,1.697343,-0.05844668,0.2312668,1.710391,-0.09808116,0.1450594,1.71273,0.1341192,0.6780211,1.790559,0.1867211,0.4407446,1.783019,0.2059755,0.2613694,1.714333,0.1997642,0.2205979,1.699489,-0.05613919,0.2372303,1.775439,-0.1269591,-0.0532198,1.791185,-0.1842258,-0.2933956,1.788069,0.05810754,0.227145,1.786853,0.09072641,-0.0468944,1.778659,0.1005874,-0.2934876,1.780669,0.006651051,0.7354816,1.816824
72057594038000684,1,1.1262,24264.39,0.0009470157,0.2296408,1.815741,0.01294726,0.926976,1.809715,-0.1096814,0.7028392,1.766514,-0.06094396,0.4701429,1.697343,-0.05844668,0.2312668,1.710391,-0.09808116,0.1450594,1.71273,0.1341192,0.6780211,1.790559,0.1867211,0.4407446,1.783019,0.2059755,0.2613694,1.714333,0.1997642,0.2205979,1.699489,-0.05613919,0.2372303,1.775439,-0.1269591,-0.0532198,1.791185,-0.1842258,-0.2933956,1.788069,0.05810754,0.227145,1.786853,0.09072641,-0.0468944,1.778659,0.1005874,-0.2934876,1.780669,0.006651051,0.7354816,1.816824
72057594038000684,1,1.1262,24264.39,0.0009470157,0.2296408,1.815741,0.01294726,0.926976,1.809715,-0.1096814,0.7028392,1.766514,-0.06094396,0.4701429,1.697343,-0.05844668,0.2312668,1.710391,-0.09808116,0.1450594,1.71273,0.1341192,0.6780211,1.790559,0.1867211,0.4407446,1.783019,0.2059755,0.2613694,1.714333,0.1997642,0.2205979,1.699489,-0.05613919,0.2372303,1.775439,-0.1269591,-0.0532198,1.791185,-0.1842258,-0.2933956,1.788069,0.05810754,0.227145,1.786853,0.09072641,-0.0468944,1.778659,0.1005874,-0.2934876,1.780669,0.006651051,0.7354816,1.816824
72057594038000684,1,1.1262,24264.39,0.0009470157,0.2296408,1.815741,0.01294726,0.926976,1.809715,-0.1096814,0.7028392,1.766514,-0.06094396,0.4701429,1.697343,-0.05844668,0.2312668,1.710391,-0.09808116,0.1450594,1.71273,0.1341192,0.6780211,1.790559,0.1867211,0.4407446,1.783019,0.2059755,0.2613694,1.714333,0.1997642,0.2205979,1.699489,-0.05613919,0.2372303,1.775439,-0.1269591,-0.0532198,1.791185,-0.1842258,-0.2933956,1.788069,0.05810754,0.227145,1.786853,0.09072641,-0.0468944,1.778659,0.1005874,-0.2934876,1.780669,0.006651051,0.7354816,1.816824
72057594038000684,1,1.1262,24264.4,0.0009470157,0.2296408,1.815741,0.01294726,0.926976,1.809715,-0.1096814,0.7028392,1.766514,-0.06094396,0.4701429,1.697343,-0.05844668,0.2312668,1.710391,-0.09808116,0.1450594,1.71273,0.1341192,0.6780211,1.790559,0.1867211,0.4407446,1.783019,0.2059755,0.2613694,1.714333,0.1997642,0.2205979,1.699489,-0.05613919,0.2372303,1.775439,-0.1269591,-0.0532198,1.791185,-0.1842258,-0.2933956,1.788069,0.05810754,0.227145,1.786853,0.09072641,-0.0468944,1.778659,0.1005874,-0.2934876,1.780669,0.006651051,0.7354816,1.816824
72057594038000684,1,1.1262,24264.4,0.0009470157,0.2296408,1.815741,0.01294726,0.926976,1.809715,-0.1096814,0.7028392,1.766514,-0.06094396,0.4701429,1.697343,-0.05844668,0.2312668,1.710391,-0.09808116,0.1450594,1.71273,0.1341192,0.6780211,1.790559,0.1867211,0.4407446,1.783019,0.2059755,0.2613694,1.714333,0.1997642,0.2205979,1.699489,-0.05613919,0.2372303,1.775439,-0.1269591,-0.0532198,1.791185,-0.1842258,-0.2933956,1.788069,0.05810754,0.227145,1.786853,0.09072641,-0.0468944,1.778659,0.1005874,-0.2934876,1.780669,0.006651051,0.7354816,1.816824
72057594038000684,1,1.1262,24264.4,0.0009470157,0.2296408,1.815741,0.01294726,0.926976,1.809715,-0.1096814,0.7028392,1.766514,-0.06094396,0.4701429,1.697343,-0.05844668,0.2312668,1.710391,-0.09808116,0.1450594,1.71273,0.1341192,0.6780211,1.790559,0.1867211,0.4407446,1.783019,0.2059755,0.2613694,1.714333,0.1997642,0.2205979,1.699489,-0.05613919,0.2372303,1.775439,-0.1269591,-0.0532198,1.791185,-0.1842258,-0.2933956,1.788069,0.05810754,0.227145,1.786853,0.09072641,-0.0468944,1.778659,0.1005874,-0.2934876,1.780669,0.006651051,0.7354816,1.816824
72057594038000684,1,1.1262,24264.41,0.0009470157,0.2296408,1.815741,0.01294726,0.926976,1.809715,-0.1096814,0.7028392,1.766514,-0.06094396,0.4701429,1.697343,-0.05844668,0.2312668,1.710391,-0.09808116,0.1450594,1.71273,0.1341192,0.6780211,1.790559,0.1867211,0.4407446,1.783019,0.2059755,0.2613694,1.714333,0.1997642,0.2205979,1.699489,-0.05613919,0.2372303,1.775439,-0.1269591,-0.0532198,1.791185,-0.1842258,-0.2933956,1.788069,0.05810754,0.227145,1.786853,0.09072641,-0.0468944,1.778659,0.1005874,-0.2934876,1.780669,0.006651051,0.7354816,1.816824
72057594038000684,1,1.126924,24264.41,0.003746535,0.2283062,1.815858,0.01491155,0.9267118,1.808443,-0.1087683,0.7027562,1.766293,-0.06184744,0.4705887,1.697639,0.04399426,0.2567858,1.704977,0.009679063,0.2337061,1.718628,0.134402,0.6780059,1.790479,0.1880095,0.4419392,1.782149,0.2061822,0.2613418,1.71419,0.201173,0.2205794,1.699872,-0.05329469,0.236111,1.775061,-0.1264635,-0.05265281,1.790989,-0.184124,-0.3001874,1.788403,0.06076825,0.225705,1.787482,0.09107752,-0.04723257,1.778884,0.1013101,-0.3010763,1.78113,0.009481373,0.7349529,1.815917
72057594038000684,1,1.126924,24264.41,0.003746535,0.2283062,1.815858,0.01491155,0.9267118,1.808443,-0.1087683,0.7027562,1.766293,-0.06184744,0.4705887,1.697639,0.04399426,0.2567858,1.704977,0.009679063,0.2337061,1.718628,0.134402,0.6780059,1.790479,0.1880095,0.4419392,1.782149,0.2061822,0.2613418,1.71419,0.201173,0.2205794,1.699872,-0.05329469,0.236111,1.775061,-0.1264635,-0.05265281,1.790989,-0.184124,-0.3001874,1.788403,0.06076825,0.225705,1.787482,0.09107752,-0.04723257,1.778884,0.1013101,-0.3010763,1.78113,0.009481373,0.7349529,1.815917
72057594038000684,1,1.126924,24264.41,0.003746535,0.2283062,1.815858,0.01491155,0.9267118,1.808443,-0.1087683,0.7027562,1.766293,-0.06184744,0.4705887,1.697639,0.04399426,0.2567858,1.704977,0.009679063,0.2337061,1.718628,0.134402,0.6780059,1.790479,0.1880095,0.4419392,1.782149,0.2061822,0.2613418,1.71419,0.201173,0.2205794,1.699872,-0.05329469,0.236111,1.775061,-0.1264635,-0.05265281,1.790989,-0.184124,-0.3001874,1.788403,0.06076825,0.225705,1.787482,0.09107752,-0.04723257,1.778884,0.1013101,-0.3010763,1.78113,0.009481373,0.7349529,1.815917
72057594038000684,1,1.126924,24264.42,0.003746535,0.2283062,1.815858,0.01491155,0.9267118,1.808443,-0.1087683,0.7027562,1.766293,-0.06184744,0.4705887,1.697639,0.04399426,0.2567858,1.704977,0.009679063,0.2337061,1.718628,0.134402,0.6780059,1.790479,0.1880095,0.4419392,1.782149,0.2061822,0.2613418,1.71419,0.201173,0.2205794,1.699872,-0.05329469,0.236111,1.775061,-0.1264635,-0.05265281,1.790989,-0.184124,-0.3001874,1.788403,0.06076825,0.225705,1.787482,0.09107752,-0.04723257,1.778884,0.1013101,-0.3010763,1.78113,0.009481373,0.7349529,1.815917
72057594038000684,1,1.126924,24264.42,0.003746535,0.2283062,1.815858,0.01491155,0.9267118,1.808443,-0.1087683,0.7027562,1.766293,-0.06184744,0.4705887,1.697639,0.04399426,0.2567858,1.704977,0.009679063,0.2337061,1.718628,0.134402,0.6780059,1.790479,0.1880095,0.4419392,1.782149,0.2061822,0.2613418,1.71419,0.201173,0.2205794,1.699872,-0.05329469,0.236111,1.775061,-0.1264635,-0.05265281,1.790989,-0.184124,-0.3001874,1.788403,0.06076825,0.225705,1.787482,0.09107752,-0.04723257,1.778884,0.1013101,-0.3010763,1.78113,0.009481373,0.7349529,1.815917
72057594038000684,1,1.126924,24264.42,0.003746535,0.2283062,1.815858,0.01491155,0.9267118,1.808443,-0.1087683,0.7027562,1.766293,-0.06184744,0.4705887,1.697639,0.04399426,0.2567858,1.704977,0.009679063,0.2337061,1.718628,0.134402,0.6780059,1.790479,0.1880095,0.4419392,1.782149,0.2061822,0.2613418,1.71419,0.201173,0.2205794,1.699872,-0.05329469,0.236111,1.775061,-0.1264635,-0.05265281,1.790989,-0.184124,-0.3001874,1.788403,0.06076825,0.225705,1.787482,0.09107752,-0.04723257,1.778884,0.1013101,-0.3010763,1.78113,0.009481373,0.7349529,1.815917
72057594038000684,1,1.126924,24264.43,0.003746535,0.2283062,1.815858,0.01491155,0.9267118,1.808443,-0.1087683,0.7027562,1.766293,-0.06184744,0.4705887,1.697639,0.04399426,0.2567858,1.704977,0.009679063,0.2337061,1.718628,0.134402,0.6780059,1.790479,0.1880095,0.4419392,1.782149,0.2061822,0.2613418,1.71419,0.201173,0.2205794,1.699872,-0.05329469,0.236111,1.775061,-0.1264635,-0.05265281,1.790989,-0.184124,-0.3001874,1.788403,0.06076825,0.225705,1.787482,0.09107752,-0.04723257,1.778884,0.1013101,-0.3010763,1.78113,0.009481373,0.7349529,1.815917
72057594038000684,1,1.126924,24264.43,0.003746535,0.2283062,1.815858,0.01491155,0.9267118,1.808443,-0.1087683,0.7027562,1.766293,-0.06184744,0.4705887,1.697639,0.04399426,0.2567858,1.704977,0.009679063,0.2337061,1.718628,0.134402,0.6780059,1.790479,0.1880095,0.4419392,1.782149,0.2061822,0.2613418,1.71419,0.201173,0.2205794,1.699872,-0.05329469,0.236111,1.775061,-0.1264635,-0.05265281,1.790989,-0.184124,-0.3001874,1.788403,0.06076825,0.225705,1.787482,0.09107752,-0.04723257,1.778884,0.1013101,-0.3010763,1.78113,0.009481373,0.7349529,1.815917
72057594038000684,1,1.126924,24264.44,0.003746535,0.2283062,1.815858,0.01491155,0.9267118,1.808443,-0.1087683,0.7027562,1.766293,-0.06184744,0.4705887,1.697639,0.04399426,0.2567858,1.704977,0.009679063,0.2337061,1.718628,0.134402,0.6780059,1.790479,0.1880095,0.4419392,1.782149,0.2061822,0.2613418,1.71419,0.201173,0.2205794,1.699872,-0.05329469,0.236111,1.775061,-0.1264635,-0.05265281,1.790989,-0.184124,-0.3001874,1.788403,0.06076825,0.225705,1.787482,0.09107752,-0.04723257,1.778884,0.1013101,-0.3010763,1.78113,0.009481373,0.7349529,1.815917
72057594038000684,1,1.126924,24264.44,0.003746535,0.2283062,1.815858,0.01491155,0.9267118,1.808443,-0.1087683,0.7027562,1.766293,-0.06184744,0.4705887,1.697639,0.04399426,0.2567858,1.704977,0.009679063,0.2337061,1.718628,0.134402,0.6780059,1.790479,0.1880095,0.4419392,1.782149,0.2061822,0.2613418,1.71419,0.201173,0.2205794,1.699872,-0.05329469,0.236111,1.775061,-0.1264635,-0.05265281,1.790989,-0.184124,-0.3001874,1.788403,0.06076825,0.225705,1.787482,0.09107752,-0.04723257,1.778884,0.1013101,-0.3010763,1.78113,0.009481373,0.7349529,1.815917
72057594038000684,1,1.127563,24264.44,0.006176826,0.227316,1.815835,0.01735489,0.9260498,1.806846,-0.1079686,0.7029938,1.766174,-0.06115412,0.471411,1.697407,0.0412888,0.2567748,1.706864,0.007482033,0.2283013,1.719687,0.1347692,0.6779525,1.790241,0.1896116,0.4427184,1.78092,0.2069506,0.2594964,1.712918,0.202605,0.2173039,1.69727,-0.05078904,0.2354108,1.774691,-0.1259341,-0.05143404,1.790023,-0.1814383,-0.3048813,1.789393,0.06303445,0.2245124,1.787811,0.09188608,-0.04810762,1.779025,0.1010842,-0.3073578,1.781416,0.01198183,0.7343127,1.815056
72057594038000684,1,1.127563,24264.45,0.006176826,0.227316,1.815835,0.01735489,0.9260498,1.806846,-0.1079686,0.7029938,1.766174,-0.06115412,0.471411,1.697407,0.0412888,0.2567748,1.706864,0.007482033,0.2283013,1.719687,0.1347692,0.6779525,1.790241,0.1896116,0.4427184,1.78092,0.2069506,0.2594964,1.712918,0.202605,0.2173039,1.69727,-0.05078904,0.2354108,1.774691,-0.1259341,-0.05143404,1.790023,-0.1814383,-0.3048813,1.789393,0.06303445,0.2245124,1.787811,0.09188608,-0.04810762,1.779025,0.1010842,-0.3073578,1.781416,0.01198183,0.7343127,1.815056
72057594038000684,1,1.127563,24264.45,0.006176826,0.227316,1.815835,0.01735489,0.9260498,1.806846,-0.1079686,0.7029938,1.766174,-0.06115412,0.471411,1.697407,0.0412888,0.2567748,1.706864,0.007482033,0.2283013,1.719687,0.1347692,0.6779525,1.790241,0.1896116,0.4427184,1.78092,0.2069506,0.2594964,1.712918,0.202605,0.2173039,1.69727,-0.05078904,0.2354108,1.774691,-0.1259341,-0.05143404,1.790023,-0.1814383,-0.3048813,1.789393,0.06303445,0.2245124,1.787811,0.09188608,-0.04810762,1.779025,0.1010842,-0.3073578,1.781416,0.01198183,0.7343127,1.815056
72057594038000684,1,1.127563,24264.45,0.006176826,0.227316,1.815835,0.01735489,0.9260498,1.806846,-0.1079686,0.7029938,1.766174,-0.06115412,0.471411,1.697407,0.0412888,0.2567748,1.706864,0.007482033,0.2283013,1.719687,0.1347692,0.6779525,1.790241,0.1896116,0.4427184,1.78092,0.2069506,0.2594964,1.712918,0.202605,0.2173039,1.69727,-0.05078904,0.2354108,1.774691,-0.1259341,-0.05143404,1.790023,-0.1814383,-0.3048813,1.789393,0.06303445,0.2245124,1.787811,0.09188608,-0.04810762,1.779025,0.1010842,-0.3073578,1.781416,0.01198183,0.7343127,1.815056
72057594038000684,1,1.127563,24264.46,0.006176826,0.227316,1.815835,0.01735489,0.9260498,1.806846,-0.1079686,0.7029938,1.766174,-0.06115412,0.471411,1.697407,0.0412888,0.2567748,1.706864,0.007482033,0.2283013,1.719687,0.1347692,0.6779525,1.790241,0.1896116,0.4427184,1.78092,0.2069506,0.2594964,1.712918,0.202605,0.2173039,1.69727,-0.05078904,0.2354108,1.774691,-0.1259341,-0.05143404,1.790023,-0.1814383,-0.3048813,1.789393,0.06303445,0.2245124,1.787811,0.09188608,-0.04810762,1.779025,0.1010842,-0.3073578,1.781416,0.01198183,0.7343127,1.815056
72057594038000684,1,1.127563,24264.46,0.006176826,0.227316,1.815835,0.01735489,0.9260498,1.806846,-0.1079686,0.7029938,1.766174,-0.06115412,0.471411,1.697407,0.0412888,0.2567748,1.706864,0.007482033,0.2283013,1.719687,0.1347692,0.6779525,1.790241,0.1896116,0.4427184,1.78092,0.2069506,0.2594964,1.712918,0.202605,0.2173039,1.69727,-0.05078904,0.2354108,1.774691,-0.1259341,-0.05143404,1.790023,-0.1814383,-0.3048813,1.789393,0.06303445,0.2245124,1.787811,0.09188608,-0.04810762,1.779025,0.1010842,-0.3073578,1.781416,0.01198183,0.7343127,1.815056
72057594038000684,1,1.127563,24264.46,0.006176826,0.227316,1.815835,0.01735489,0.9260498,1.806846,-0.1079686,0.7029938,1.766174,-0.06115412,0.471411,1.697407,0.0412888,0.2567748,1.706864,0.007482033,0.2283013,1.719687,0.1347692,0.6779525,1.790241,0.1896116,0.4427184,1.78092,0.2069506,0.2594964,1.712918,0.202605,0.2173039,1.69727,-0.05078904,0.2354108,1.774691,-0.1259341,-0.05143404,1.790023,-0.1814383,-0.3048813,1.789393,0.06303445,0.2245124,1.787811,0.09188608,-0.04810762,1.779025,0.1010842,-0.3073578,1.781416,0.01198183,0.7343127,1.815056
72057594038000684,1,1.127563,24264.47,0.006176826,0.227316,1.815835,0.01735489,0.9260498,1.806846,-0.1079686,0.7029938,1.766174,-0.06115412,0.471411,1.697407,0.0412888,0.2567748,1.706864,0.007482033,0.2283013,1.719687,0.1347692,0.6779525,1.790241,0.1896116,0.4427184,1.78092,0.2069506,0.2594964,1.712918,0.202605,0.2173039,1.69727,-0.05078904,0.2354108,1.774691,-0.1259341,-0.05143404,1.790023,-0.1814383,-0.3048813,1.789393,0.06303445,0.2245124,1.787811,0.09188608,-0.04810762,1.779025,0.1010842,-0.3073578,1.781416,0.01198183,0.7343127,1.815056
72057594038000684,1,1.127563,24264.47,0.006176826,0.227316,1.815835,0.01735489,0.9260498,1.806846,-0.1079686,0.7029938,1.766174,-0.06115412,0.471411,1.697407,0.0412888,0.2567748,1.706864,0.007482033,0.2283013,1.719687,0.1347692,0.6779525,1.790241,0.1896116,0.4427184,1.78092,0.2069506,0.2594964,1.712918,0.202605,0.2173039,1.69727,-0.05078904,0.2354108,1.774691,-0.1259341,-0.05143404,1.790023,-0.1814383,-0.3048813,1.789393,0.06303445,0.2245124,1.787811,0.09188608,-0.04810762,1.779025,0.1010842,-0.3073578,1.781416,0.01198183,0.7343127,1.815056
72057594038000684,1,1.128143,24264.47,0.008233908,0.2265581,1.815716,0.01955285,0.9250929,1.805456,-0.09195812,0.7007539,1.76059,-0.05156703,0.4711252,1.69107,-0.04975403,0.2363981,1.702176,-0.09335729,0.1441473,1.710252,0.1376162,0.6785037,1.787678,0.1912109,0.4459257,1.779598,0.2080576,0.2586753,1.711888,0.2033917,0.2172746,1.696999,-0.04853722,0.2344804,1.774194,-0.1237633,-0.04995665,1.788989,-0.1796226,-0.3043453,1.788892,0.06482719,0.2239715,1.788029,0.092599,-0.04846931,1.779248,0.1005539,-0.3087795,1.781495,0.01489521,0.7335628,1.814332
72057594038000684,1,1.128143,24264.48,0.008233908,0.2265581,1.815716,0.01955285,0.9250929,1.805456,-0.09195812,0.7007539,1.76059,-0.05156703,0.4711252,1.69107,-0.04975403,0.2363981,1.702176,-0.09335729,0.1441473,1.710252,0.1376162,0.6785037,1.787678,0.1912109,0.4459257,1.779598,0.2080576,0.2586753,1.711888,0.2033917,0.2172746,1.696999,-0.04853722,0.2344804,1.774194,-0.1237633,-0.04995665,1.788989,-0.1796226,-0.3043453,1.788892,0.06482719,0.2239715,1.788029,0.092599,-0.04846931,1.779248,0.1005539,-0.3087795,1.781495,0.01489521,0.7335628,1.814332
72057594038000684,1,1.128143,24264.48,0.008233908,0.2265581,1.815716,0.01955285,0.9250929,1.805456,-0.09195812,0.7007539,1.76059,-0.05156703,0.4711252,1.69107,-0.04975403,0.2363981,1.702176,-0.09335729,0.1441473,1.710252,0.1376162,0.6785037,1.787678,0.1912109,0.4459257,1.779598,0.2080576,0.2586753,1.711888,0.2033917,0.2172746,1.696999,-0.04853722,0.2344804,1.774194,-0.1237633,-0.04995665,1.788989,-0.1796226,-0.3043453,1.788892,0.06482719,0.2239715,1.788029,0.092599,-0.04846931,1.779248,0.1005539,-0.3087795,1.781495,0.01489521,0.7335628,1.814332
72057594038000684,1,1.128143,24264.48,0.008233908,0.2265581,1.815716,0.01955285,0.9250929,1.805456,-0.09195812,0.7007539,1.76059,-0.05156703,0.4711252,1.69107,-0.04975403,0.2363981,1.702176,-0.09335729,0.1441473,1.710252,0.1376162,0.6785037,1.787678,0.1912109,0.4459257,1.779598,0.2080576,0.2586753,1.711888,0.2033917,0.2172746,1.696999,-0.04853722,0.2344804,1.774194,-0.1237633,-0.04995665,1.788989,-0.1796226,-0.3043453,1.788892,0.06482719,0.2239715,1.788029,0.092599,-0.04846931,1.779248,0.1005539,-0.3087795,1.781495,0.01489521,0.7335628,1.814332
72057594038000684,1,1.128143,24264.48,0.008233908,0.2265581,1.815716,0.01955285,0.9250929,1.805456,-0.09195812,0.7007539,1.76059,-0.05156703,0.4711252,1.69107,-0.04975403,0.2363981,1.702176,-0.09335729,0.1441473,1.710252,0.1376162,0.6785037,1.787678,0.1912109,0.4459257,1.779598,0.2080576,0.2586753,1.711888,0.2033917,0.2172746,1.696999,-0.04853722,0.2344804,1.774194,-0.1237633,-0.04995665,1.788989,-0.1796226,-0.3043453,1.788892,0.06482719,0.2239715,1.788029,0.092599,-0.04846931,1.779248,0.1005539,-0.3087795,1.781495,0.01489521,0.7335628,1.814332
72057594038000684,1,1.128143,24264.49,0.008233908,0.2265581,1.815716,0.01955285,0.9250929,1.805456,-0.09195812,0.7007539,1.76059,-0.05156703,0.4711252,1.69107,-0.04975403,0.2363981,1.702176,-0.09335729,0.1441473,1.710252,0.1376162,0.6785037,1.787678,0.1912109,0.4459257,1.779598,0.2080576,0.2586753,1.711888,0.2033917,0.2172746,1.696999,-0.04853722,0.2344804,1.774194,-0.1237633,-0.04995665,1.788989,-0.1796226,-0.3043453,1.788892,0.06482719,0.2239715,1.788029,0.092599,-0.04846931,1.779248,0.1005539,-0.3087795,1.781495,0.01489521,0.7335628,1.814332
72057594038000684,1,1.128143,24264.49,0.008233908,0.2265581,1.815716,0.01955285,0.9250929,1.805456,-0.09195812,0.7007539,1.76059,-0.05156703,0.4711252,1.69107,-0.04975403,0.2363981,1.702176,-0.09335729,0.1441473,1.710252,0.1376162,0.6785037,1.787678,0.1912109,0.4459257,1.779598,0.2080576,0.2586753,1.711888,0.2033917,0.2172746,1.696999,-0.04853722,0.2344804,1.774194,-0.1237633,-0.04995665,1.788989,-0.1796226,-0.3043453,1.788892,0.06482719,0.2239715,1.788029,0.092599,-0.04846931,1.779248,0.1005539,-0.3087795,1.781495,0.01489521,0.7335628,1.814332
72057594038000684,1,1.128143,24264.49,0.008233908,0.2265581,1.815716,0.01955285,0.9250929,1.805456,-0.09195812,0.7007539,1.76059,-0.05156703,0.4711252,1.69107,-0.04975403,0.2363981,1.702176,-0.09335729,0.1441473,1.710252,0.1376162,0.6785037,1.787678,0.1912109,0.4459257,1.779598,0.2080576,0.2586753,1.711888,0.2033917,0.2172746,1.696999,-0.04853722,0.2344804,1.774194,-0.1237633,-0.04995665,1.788989,-0.1796226,-0.3043453,1.788892,0.06482719,0.2239715,1.788029,0.092599,-0.04846931,1.779248,0.1005539,-0.3087795,1.781495,0.01489521,0.7335628,1.814332
72057594038000684,1,1.128143,24264.5,0.008233908,0.2265581,1.815716,0.01955285,0.9250929,1.805456,-0.09195812,0.7007539,1.76059,-0.05156703,0.4711252,1.69107,-0.04975403,0.2363981,1.702176,-0.09335729,0.1441473,1.710252,0.1376162,0.6785037,1.787678,0.1912109,0.4459257,1.779598,0.2080576,0.2586753,1.711888,0.2033917,0.2172746,1.696999,-0.04853722,0.2344804,1.774194,-0.1237633,-0.04995665,1.788989,-0.1796226,-0.3043453,1.788892,0.06482719,0.2239715,1.788029,0.092599,-0.04846931,1.779248,0.1005539,-0.3087795,1.781495,0.01489521,0.7335628,1.814332
72057594038000684,1,1.128143,24264.5,0.008233908,0.2265581,1.815716,0.01955285,0.9250929,1.805456,-0.09195812,0.7007539,1.76059,-0.05156703,0.4711252,1.69107,-0.04975403,0.2363981,1.702176,-0.09335729,0.1441473,1.710252,0.1376162,0.6785037,1.787678,0.1912109,0.4459257,1.779598,0.2080576,0.2586753,1.711888,0.2033917,0.2172746,1.696999,-0.04853722,0.2344804,1.774194,-0.1237633,-0.04995665,1.788989,-0.1796226,-0.3043453,1.788892,0.06482719,0.2239715,1.788029,0.092599,-0.04846931,1.779248,0.1005539,-0.3087795,1.781495,0.01489521,0.7335628,1.814332
72057594038000684,1,1.128143,24264.5,0.008233908,0.2265581,1.815716,0.01955285,0.9250929,1.805456,-0.09195812,0.7007539,1.76059,-0.05156703,0.4711252,1.69107,-0.04975403,0.2363981,1.702176,-0.09335729,0.1441473,1.710252,0.1376162,0.6785037,1.787678,0.1912109,0.4459257,1.779598,0.2080576,0.2586753,1.711888,0.2033917,0.2172746,1.696999,-0.04853722,0.2344804,1.774194,-0.1237633,-0.04995665,1.788989,-0.1796226,-0.3043453,1.788892,0.06482719,0.2239715,1.788029,0.092599,-0.04846931,1.779248,0.1005539,-0.3087795,1.781495,0.01489521,0.7335628,1.814332
72057594038000684,1,1.128933,24264.51,0.01136906,0.2265273,1.81486,0.02170714,0.9247277,1.803955,-0.08624042,0.7001105,1.758864,-0.03680244,0.477084,1.680275,-0.07644875,0.2480229,1.69172,-0.08739827,0.1998741,1.702151,0.1430576,0.6787267,1.786415,0.1941228,0.4478559,1.778043,0.2095101,0.2580874,1.71103,0.2067767,0.2160471,1.695509,-0.04504884,0.2343383,1.773065,-0.1188041,-0.0458816,1.786308,-0.175164,-0.3007529,1.789617,0.06746131,0.2240853,1.787452,0.09315392,-0.04868335,1.779199,0.1005904,-0.3097477,1.781519,0.01795397,0.7332304,1.812762
72057594038000684,1,1.128933,24264.51,0.01136906,0.2265273,1.81486,0.02170714,0.9247277,1.803955,-0.08624042,0.7001105,1.758864,-0.03680244,0.477084,1.680275,-0.07644875,0.2480229,1.69172,-0.08739827,0.1998741,1.702151,0.1430576,0.6787267,1.786415,0.1941228,0.4478559,1.778043,0.2095101,0.2580874,1.71103,0.2067767,0.2160471,1.695509,-0.04504884,0.2343383,1.773065,-0.1188041,-0.0458816,1.786308,-0.175164,-0.3007529,1.789617,0.06746131,0.2240853,1.787452,0.09315392,-0.04868335,1.779199,0.1005904,-0.3097477,1.781519,0.01795397,0.7332304,1.812762
72057594038000684,1,1.128933,24264.51,0.01136906,0.2265273,1.81486,0.02170714,0.9247277,1.803955,-0.08624042,0.7001105,1.758864,-0.03680244,0.477084,1.680275,-0.07644875,0.2480229,1.69172,-0.08739827,0.1998741,1.702151,0.1430576,0.6787267,1.786415,0.1941228,0.4478559,1.778043,0.2095101,0.2580874,1.71103,0.2067767,0.2160471,1.695509,-0.04504884,0.2343383,1.773065,-0.1188041,-0.0458816,1.786308,-0.175164,-0.3007529,1.789617,0.06746131,0.2240853,1.787452,0.09315392,-0.04868335,1.779199,0.1005904,-0.3097477,1.781519,0.01795397,0.7332304,1.812762
72057594038000684,1,1.128933,24264.51,0.01136906,0.2265273,1.81486,0.02170714,0.9247277,1.803955,-0.08624042,0.7001105,1.758864,-0.03680244,0.477084,1.680275,-0.07644875,0.2480229,1.69172,-0.08739827,0.1998741,1.702151,0.1430576,0.6787267,1.786415,0.1941228,0.4478559,1.778043,0.2095101,0.2580874,1.71103,0.2067767,0.2160471,1.695509,-0.04504884,0.2343383,1.773065,-0.1188041,-0.0458816,1.786308,-0.175164,-0.3007529,1.789617,0.06746131,0.2240853,1.787452,0.09315392,-0.04868335,1.779199,0.1005904,-0.3097477,1.781519,0.01795397,0.7332304,1.812762
72057594038000684,1,1.128933,24264.52,0.01136906,0.2265273,1.81486,0.02170714,0.9247277,1.803955,-0.08624042,0.7001105,1.758864,-0.03680244,0.477084,1.680275,-0.07644875,0.2480229,1.69172,-0.08739827,0.1998741,1.702151,0.1430576,0.6787267,1.786415,0.1941228,0.4478559,1.778043,0.2095101,0.2580874,1.71103,0.2067767,0.2160471,1.695509,-0.04504884,0.2343383,1.773065,-0.1188041,-0.0458816,1.786308,-0.175164,-0.3007529,1.789617,0.06746131,0.2240853,1.787452,0.09315392,-0.04868335,1.779199,0.1005904,-0.3097477,1.781519,0.01795397,0.7332304,1.812762
72057594038000684,1,1.128933,24264.52,0.01136906,0.2265273,1.81486,0.02170714,0.9247277,1.803955,-0.08624042,0.7001105,1.758864,-0.03680244,0.477084,1.680275,-0.07644875,0.2480229,1.69172,-0.08739827,0.1998741,1.702151,0.1430576,0.6787267,1.786415,0.1941228,0.4478559,1.778043,0.2095101,0.2580874,1.71103,0.2067767,0.2160471,1.695509,-0.04504884,0.2343383,1.773065,-0.1188041,-0.0458816,1.786308,-0.175164,-0.3007529,1.789617,0.06746131,0.2240853,1.787452,0.09315392,-0.04868335,1.779199,0.1005904,-0.3097477,1.781519,0.01795397,0.7332304,1.812762
72057594038000684,1,1.128933,24264.52,0.01136906,0.2265273,1.81486,0.02170714,0.9247277,1.803955,-0.08624042,0.7001105,1.758864,-0.03680244,0.477084,1.680275,-0.07644875,0.2480229,1.69172,-0.08739827,0.1998741,1.702151,0.1430576,0.6787267,1.786415,0.1941228,0.4478559,1.778043,0.2095101,0.2580874,1.71103,0.2067767,0.2160471,1.695509,-0.04504884,0.2343383,1.773065,-0.1188041,-0.0458816,1.786308,-0.175164,-0.3007529,1.789617,0.06746131,0.2240853,1.787452,0.09315392,-0.04868335,1.779199,0.1005904,-0.3097477,1.781519,0.01795397,0.7332304,1.812762
72057594038000684,1,1.128933,24264.53,0.01136906,0.2265273,1.81486,0.02170714,0.9247277,1.803955,-0.08624042,0.7001105,1.758864,-0.03680244,0.477084,1.680275,-0.07644875,0.2480229,1.69172,-0.08739827,0.1998741,1.702151,0.1430576,0.6787267,1.786415,0.1941228,0.4478559,1.778043,0.2095101,0.2580874,1.71103,0.2067767,0.2160471,1.695509,-0.04504884,0.2343383,1.773065,-0.1188041,-0.0458816,1.786308,-0.175164,-0.3007529,1.789617,0.06746131,0.2240853,1.787452,0.09315392,-0.04868335,1.779199,0.1005904,-0.3097477,1.781519,0.01795397,0.7332304,1.812762
72057594038000684,1,1.128933,24264.53,0.01136906,0.2265273,1.81486,0.02170714,0.9247277,1.803955,-0.08624042,0.7001105,1.758864,-0.03680244,0.477084,1.680275,-0.07644875,0.2480229,1.69172,-0.08739827,0.1998741,1.702151,0.1430576,0.6787267,1.786415,0.1941228,0.4478559,1.778043,0.2095101,0.2580874,1.71103,0.2067767,0.2160471,1.695509,-0.04504884,0.2343383,1.773065,-0.1188041,-0.0458816,1.786308,-0.175164,-0.3007529,1.789617,0.06746131,0.2240853,1.787452,0.09315392,-0.04868335,1.779199,0.1005904,-0.3097477,1.781519,0.01795397,0.7332304,1.812762
72057594038000684,1,1.128933,24264.53,0.01136906,0.2265273,1.81486,0.02170714,0.9247277,1.803955,-0.08624042,0.7001105,1.758864,-0.03680244,0.477084,1.680275,-0.07644875,0.2480229,1.69172,-0.08739827,0.1998741,1.702151,0.1430576,0.6787267,1.786415,0.1941228,0.4478559,1.778043,0.2095101,0.2580874,1.71103,0.2067767,0.2160471,1.695509,-0.04504884,0.2343383,1.773065,-0.1188041,-0.0458816,1.786308,-0.175164,-0.3007529,1.789617,0.06746131,0.2240853,1.787452,0.09315392,-0.04868335,1.779199,0.1005904,-0.3097477,1.781519,0.01795397,0.7332304,1.812762
72057594038000684,1,1.128933,24264.54,0.01136906,0.2265273,1.81486,0.02170714,0.9247277,1.803955,-0.08624042,0.7001105,1.758864,-0.03680244,0.477084,1.680275,-0.07644875,0.2480229,1.69172,-0.08739827,0.1998741,1.702151,0.1430576,0.6787267,1.786415,0.1941228,0.4478559,1.778043,0.2095101,0.2580874,1.71103,0.2067767,0.2160471,1.695509,-0.04504884,0.2343383,1.773065,-0.1188041,-0.0458816,1.786308,-0.175164,-0.3007529,1.789617,0.06746131,0.2240853,1.787452,0.09315392,-0.04868335,1.779199,0.1005904,-0.3097477,1.781519,0.01795397,0.7332304,1.812762
72057594038000684,1,1.128967,24264.54,0.01604941,0.2287522,1.813397,0.02435496,0.9241459,1.801987,-0.08312786,0.6997986,1.758747,-0.06407778,0.466347,1.70376,-0.05781424,0.2351259,1.726766,-0.08488753,0.1783668,1.704167,0.1470301,0.6785685,1.785391,0.1968098,0.4470369,1.777086,0.2114225,0.2571129,1.709762,0.2096064,0.2162799,1.693235,-0.03972757,0.2367252,1.770715,-0.1072775,-0.0280177,1.782109,-0.1653338,-0.285395,1.79329,0.07140549,0.2261483,1.786801,0.09423899,-0.04954579,1.779266,0.1003126,-0.3139207,1.78191,0.02091481,0.7329293,1.811781
72057594038000684,1,1.128967,24264.54,0.01604941,0.2287522,1.813397,0.02435496,0.9241459,1.801987,-0.08312786,0.6997986,1.758747,-0.06407778,0.466347,1.70376,-0.05781424,0.2351259,1.726766,-0.08488753,0.1783668,1.704167,0.1470301,0.6785685,1.785391,0.1968098,0.4470369,1.777086,0.2114225,0.2571129,1.709762,0.2096064,0.2162799,1.693235,-0.03972757,0.2367252,1.770715,-0.1072775,-0.0280177,1.782109,-0.1653338,-0.285395,1.79329,0.07140549,0.2261483,1.786801,0.09423899,-0.04954579,1.779266,0.1003126,-0.3139207,1.78191,0.02091481,0.7329293,1.811781
72057594038000684,1,1.128967,24264.55,0.01604941,0.2287522,1.813397,0.02435496,0.9241459,1.801987,-0.08312786,0.6997986,1.758747,-0.06407778,0.466347,1.70376,-0.05781424,0.2351259,1.726766,-0.08488753,0.1783668,1.704167,0.1470301,0.6785685,1.785391,0.1968098,0.4470369,1.777086,0.2114225,0.2571129,1.709762,0.2096064,0.2162799,1.693235,-0.03972757,0.2367252,1.770715,-0.1072775,-0.0280177,1.782109,-0.1653338,-0.285395,1.79329,0.07140549,0.2261483,1.786801,0.09423899,-0.04954579,1.779266,0.1003126,-0.3139207,1.78191,0.02091481,0.7329293,1.811781
72057594038000684,1,1.128967,24264.56,0.01604941,0.2287522,1.813397,0.02435496,0.9241459,1.801987,-0.08312786,0.6997986,1.758747,-0.06407778,0.466347,1.70376,-0.05781424,0.2351259,1.726766,-0.08488753,0.1783668,1.704167,0.1470301,0.6785685,1.785391,0.1968098,0.4470369,1.777086,0.2114225,0.2571129,1.709762,0.2096064,0.2162799,1.693235,-0.03972757,0.2367252,1.770715,-0.1072775,-0.0280177,1.782109,-0.1653338,-0.285395,1.79329,0.07140549,0.2261483,1.786801,0.09423899,-0.04954579,1.779266,0.1003126,-0.3139207,1.78191,0.02091481,0.7329293,1.811781
72057594038000684,1,1.128967,24264.56,0.01604941,0.2287522,1.813397,0.02435496,0.9241459,1.801987,-0.08312786,0.6997986,1.758747,-0.06407778,0.466347,1.70376,-0.05781424,0.2351259,1.726766,-0.08488753,0.1783668,1.704167,0.1470301,0.6785685,1.785391,0.1968098,0.4470369,1.777086,0.2114225,0.2571129,1.709762,0.2096064,0.2162799,1.693235,-0.03972757,0.2367252,1.770715,-0.1072775,-0.0280177,1.782109,-0.1653338,-0.285395,1.79329,0.07140549,0.2261483,1.786801,0.09423899,-0.04954579,1.779266,0.1003126,-0.3139207,1.78191,0.02091481,0.7329293,1.811781
72057594038000684,1,1.128967,24264.56,0.01604941,0.2287522,1.813397,0.02435496,0.9241459,1.801987,-0.08312786,0.6997986,1.758747,-0.06407778,0.466347,1.70376,-0.05781424,0.2351259,1.726766,-0.08488753,0.1783668,1.704167,0.1470301,0.6785685,1.785391,0.1968098,0.4470369,1.777086,0.2114225,0.2571129,1.709762,0.2096064,0.2162799,1.693235,-0.03972757,0.2367252,1.770715,-0.1072775,-0.0280177,1.782109,-0.1653338,-0.285395,1.79329,0.07140549,0.2261483,1.786801,0.09423899,-0.04954579,1.779266,0.1003126,-0.3139207,1.78191,0.02091481,0.7329293,1.811781
72057594038000684,1,1.128967,24264.57,0.01604941,0.2287522,1.813397,0.02435496,0.9241459,1.801987,-0.08312786,0.6997986,1.758747,-0.06407778,0.466347,1.70376,-0.05781424,0.2351259,1.726766,-0.08488753,0.1783668,1.704167,0.1470301,0.6785685,1.785391,0.1968098,0.4470369,1.777086,0.2114225,0.2571129,1.709762,0.2096064,0.2162799,1.693235,-0.03972757,0.2367252,1.770715,-0.1072775,-0.0280177,1.782109,-0.1653338,-0.285395,1.79329,0.07140549,0.2261483,1.786801,0.09423899,-0.04954579,1.779266,0.1003126,-0.3139207,1.78191,0.02091481,0.7329293,1.811781
72057594038000684,1,1.128967,24264.57,0.01604941,0.2287522,1.813397,0.02435496,0.9241459,1.801987,-0.08312786,0.6997986,1.758747,-0.06407778,0.466347,1.70376,-0.05781424,0.2351259,1.726766,-0.08488753,0.1783668,1.704167,0.1470301,0.6785685,1.785391,0.1968098,0.4470369,1.777086,0.2114225,0.2571129,1.709762,0.2096064,0.2162799,1.693235,-0.03972757,0.2367252,1.770715,-0.1072775,-0.0280177,1.782109,-0.1653338,-0.285395,1.79329,0.07140549,0.2261483,1.786801,0.09423899,-0.04954579,1.779266,0.1003126,-0.3139207,1.78191,0.02091481,0.7329293,1.811781
72057594038000684,1,1.120058,24264.57,0.03007911,0.2682674,1.797932,0.027784,0.9219072,1.793186,-0.08325564,0.701727,1.757528,-0.02459064,0.4740751,1.671645,-0.05558523,0.2006232,1.694268,-0.07664233,0.1979543,1.697021,0.1514834,0.6821959,1.781433,0.2058802,0.4461143,1.777531,0.2136616,0.2514021,1.704713,0.2126648,0.2117133,1.687934,-0.02612543,0.2738484,1.757615,-0.08492287,0.01633579,1.773239,-0.1502716,-0.239912,1.79181,0.08525389,0.2664896,1.773798,0.09554578,-0.04168913,1.775005,0.09887045,-0.3070394,1.780017,0.02343155,0.7333934,1.806389
72057594038000684,1,1.120058,24264.58,0.03007911,0.2682674,1.797932,0.027784,0.9219072,1.793186,-0.08325564,0.701727,1.757528,-0.02459064,0.4740751,1.671645,-0.05558523,0.2006232,1.694268,-0.07664233,0.1979543,1.697021,0.1514834,0.6821959,1.781433,0.2058802,0.4461143,1.777531,0.2136616,0.2514021,1.704713,0.2126648,0.2117133,1.687934,-0.02612543,0.2738484,1.757615,-0.08492287,0.01633579,1.773239,-0.1502716,-0.239912,1.79181,0.08525389,0.2664896,1.773798,0.09554578,-0.04168913,1.775005,0.09887045,-0.3070394,1.780017,0.02343155,0.7333934,1.806389
72057594038000684,1,1.120058,24264.58,0.03007911,0.2682674,1.797932,0.027784,0.9219072,1.793186,-0.08325564,0.701727,1.757528,-0.02459064,0.4740751,1.671645,-0.05558523,0.2006232,1.694268,-0.07664233,0.1979543,1.697021,0.1514834,0.6821959,1.781433,0.2058802,0.4461143,1.777531,0.2136616,0.2514021,1.704713,0.2126648,0.2117133,1.687934,-0.02612543,0.2738484,1.757615,-0.08492287,0.01633579,1.773239,-0.1502716,-0.239912,1.79181,0.08525389,0.2664896,1.773798,0.09554578,-0.04168913,1.775005,0.09887045,-0.3070394,1.780017,0.02343155,0.7333934,1.806389
72057594038000684,1,1.120058,24264.59,0.03007911,0.2682674,1.797932,0.027784,0.9219072,1.793186,-0.08325564,0.701727,1.757528,-0.02459064,0.4740751,1.671645,-0.05558523,0.2006232,1.694268,-0.07664233,0.1979543,1.697021,0.1514834,0.6821959,1.781433,0.2058802,0.4461143,1.777531,0.2136616,0.2514021,1.704713,0.2126648,0.2117133,1.687934,-0.02612543,0.2738484,1.757615,-0.08492287,0.01633579,1.773239,-0.1502716,-0.239912,1.79181,0.08525389,0.2664896,1.773798,0.09554578,-0.04168913,1.775005,0.09887045,-0.3070394,1.780017,0.02343155,0.7333934,1.806389
72057594038000684,1,1.120058,24264.59,0.03007911,0.2682674,1.797932,0.027784,0.9219072,1.793186,-0.08325564,0.701727,1.757528,-0.02459064,0.4740751,1.671645,-0.05558523,0.2006232,1.694268,-0.07664233,0.1979543,1.697021,0.1514834,0.6821959,1.781433,0.2058802,0.4461143,1.777531,0.2136616,0.2514021,1.704713,0.2126648,0.2117133,1.687934,-0.02612543,0.2738484,1.757615,-0.08492287,0.01633579,1.773239,-0.1502716,-0.239912,1.79181,0.08525389,0.2664896,1.773798,0.09554578,-0.04168913,1.775005,0.09887045,-0.3070394,1.780017,0.02343155,0.7333934,1.806389
72057594038000684,1,1.120058,24264.59,0.03007911,0.2682674,1.797932,0.027784,0.9219072,1.793186,-0.08325564,0.701727,1.757528,-0.02459064,0.4740751,1.671645,-0.05558523,0.2006232,1.694268,-0.07664233,0.1979543,1.697021,0.1514834,0.6821959,1.781433,0.2058802,0.4461143,1.777531,0.2136616,0.2514021,1.704713,0.2126648,0.2117133,1.687934,-0.02612543,0.2738484,1.757615,-0.08492287,0.01633579,1.773239,-0.1502716,-0.239912,1.79181,0.08525389,0.2664896,1.773798,0.09554578,-0.04168913,1.775005,0.09887045,-0.3070394,1.780017,0.02343155,0.7333934,1.806389
72057594038000684,1,1.120058,24264.6,0.03007911,0.2682674,1.797932,0.027784,0.9219072,1.793186,-0.08325564,0.701727,1.757528,-0.02459064,0.4740751,1.671645,-0.05558523,0.2006232,1.694268,-0.07664233,0.1979543,1.697021,0.1514834,0.6821959,1.781433,0.2058802,0.4461143,1.777531,0.2136616,0.2514021,1.704713,0.2126648,0.2117133,1.687934,-0.02612543,0.2738484,1.757615,-0.08492287,0.01633579,1.773239,-0.1502716,-0.239912,1.79181,0.08525389,0.2664896,1.773798,0.09554578,-0.04168913,1.775005,0.09887045,-0.3070394,1.780017,0.02343155,0.7333934,1.806389
72057594038000684,1,1.120058,24264.6,0.03007911,0.2682674,1.797932,0.027784,0.9219072,1.793186,-0.08325564,0.701727,1.757528,-0.02459064,0.4740751,1.671645,-0.05558523,0.2006232,1.694268,-0.07664233,0.1979543,1.697021,0.1514834,0.6821959,1.781433,0.2058802,0.4461143,1.777531,0.2136616,0.2514021,1.704713,0.2126648,0.2117133,1.687934,-0.02612543,0.2738484,1.757615,-0.08492287,0.01633579,1.773239,-0.1502716,-0.239912,1.79181,0.08525389,0.2664896,1.773798,0.09554578,-0.04168913,1.775005,0.09887045,-0.3070394,1.780017,0.02343155,0.7333934,1.806389
72057594038000684,1,1.120058,24264.6,0.03007911,0.2682674,1.797932,0.027784,0.9219072,1.793186,-0.08325564,0.701727,1.757528,-0.02459064,0.4740751,1.671645,-0.05558523,0.2006232,1.694268,-0.07664233,0.1979543,1.697021,0.1514834,0.6821959,1.781433,0.2058802,0.4461143,1.777531,0.2136616,0.2514021,1.704713,0.2126648,0.2117133,1.687934,-0.02612543,0.2738484,1.757615,-0.08492287,0.01633579,1.773239,-0.1502716,-0.239912,1.79181,0.08525389,0.2664896,1.773798,0.09554578,-0.04168913,1.775005,0.09887045,-0.3070394,1.780017,0.02343155,0.7333934,1.806389
72057594038000684,1,1.119973,24264.61,0.03090107,0.2692165,1.797456,0.03142416,0.9213501,1.79149,-0.08496644,0.7033914,1.761483,-0.03079749,0.4752132,1.681358,-0.0118359,0.298429,1.676089,-0.006075246,0.2577789,1.703291,0.1541869,0.6832019,1.780667,0.2075376,0.4494315,1.777341,0.21578,0.264853,1.707785,0.2148084,0.222816,1.689415,-0.02487599,0.2750697,1.757438,-0.08283956,0.01784548,1.773187,-0.1340587,-0.1969109,1.789548,0.0857512,0.2672369,1.773122,0.09629873,-0.0362162,1.774612,0.09799027,-0.2580557,1.777148,0.02576201,0.7343227,1.805866
72057594038000684,1,1.119973,24264.61,0.03090107,0.2692165,1.797456,0.03142416,0.9213501,1.79149,-0.08496644,0.7033914,1.761483,-0.03079749,0.4752132,1.681358,-0.0118359,0.298429,1.676089,-0.006075246,0.2577789,1.703291,0.1541869,0.6832019,1.780667,0.2075376,0.4494315,1.777341,0.21578,0.264853,1.707785,0.2148084,0.222816,1.689415,-0.02487599,0.2750697,1.757438,-0.08283956,0.01784548,1.773187,-0.1340587,-0.1969109,1.789548,0.0857512,0.2672369,1.773122,0.09629873,-0.0362162,1.774612,0.09799027,-0.2580557,1.777148,0.02576201,0.7343227,1.805866
72057594038000684,1,1.119973,24264.61,0.03090107,0.2692165,1.797456,0.03142416,0.9213501,1.79149,-0.08496644,0.7033914,1.761483,-0.03079749,0.4752132,1.681358,-0.0118359,0.298429,1.676089,-0.006075246,0.2577789,1.703291,0.1541869,0.6832019,1.780667,0.2075376,0.4494315,1.777341,0.21578,0.264853,1.707785,0.2148084,0.222816,1.689415,-0.02487599,0.2750697,1.757438,-0.08283956,0.01784548,1.773187,-0.1340587,-0.1969109,1.789548,0.0857512,0.2672369,1.773122,0.09629873,-0.0362162,1.774612,0.09799027,-0.2580557,1.777148,0.02576201,0.7343227,1.805866
72057594038000684,1,1.119973,24264.62,0.03090107,0.2692165,1.797456,0.03142416,0.9213501,1.79149,-0.08496644,0.7033914,1.761483,-0.03079749,0.4752132,1.681358,-0.0118359,0.298429,1.676089,-0.006075246,0.2577789,1.703291,0.1541869,0.6832019,1.780667,0.2075376,0.4494315,1.777341,0.21578,0.264853,1.707785,0.2148084,0.222816,1.689415,-0.02487599,0.2750697,1.757438,-0.08283956,0.01784548,1.773187,-0.1340587,-0.1969109,1.789548,0.0857512,0.2672369,1.773122,0.09629873,-0.0362162,1.774612,0.09799027,-0.2580557,1.777148,0.02576201,0.7343227,1.805866
72057594038000684,1,1.119973,24264.62,0.03090107,0.2692165,1.797456,0.03142416,0.9213501,1.79149,-0.08496644,0.7033914,1.761483,-0.03079749,0.4752132,1.681358,-0.0118359,0.298429,1.676089,-0.006075246,0.2577789,1.703291,0.1541869,0.6832019,1.780667,0.2075376,0.4494315,1.777341,0.21578,0.264853,1.707785,0.2148084,0.222816,1.689415,-0.02487599,0.2750697,1.757438,-0.08283956,0.01784548,1.773187,-0.1340587,-0.1969109,1.789548,0.0857512,0.2672369,1.773122,0.09629873,-0.0362162,1.774612,0.09799027,-0.2580557,1.777148,0.02576201,0.7343227,1.805866
72057594038000684,1,1.119973,24264.63,0.03090107,0.2692165,1.797456,0.03142416,0.9213501,1.79149,-0.08496644,0.7033914,1.761483,-0.03079749,0.4752132,1.681358,-0.0118359,0.298429,1.676089,-0.006075246,0.2577789,1.703291,0.1541869,0.6832019,1.780667,0.2075376,0.4494315,1.777341,0.21578,0.264853,1.707785,0.2148084,0.222816,1.689415,-0.02487599,0.2750697,1.757438,-0.08283956,0.01784548,1.773187,-0.1340587,-0.1969109,1.789548,0.0857512,0.2672369,1.773122,0.09629873,-0.0362162,1.774612,0.09799027,-0.2580557,1.777148,0.02576201,0.7343227,1.805866
72057594038000684,1,1.119973,24264.63,0.03090107,0.2692165,1.797456,0.03142416,0.9213501,1.79149,-0.08496644,0.7033914,1.761483,-0.03079749,0.4752132,1.681358,-0.0118359,0.298429,1.676089,-0.006075246,0.2577789,1.703291,0.1541869,0.6832019,1.780667,0.2075376,0.4494315,1.777341,0.21578,0.264853,1.707785,0.2148084,0.222816,1.689415,-0.02487599,0.2750697,1.757438,-0.08283956,0.01784548,1.773187,-0.1340587,-0.1969109,1.789548,0.0857512,0.2672369,1.773122,0.09629873,-0.0362162,1.774612,0.09799027,-0.2580557,1.777148,0.02576201,0.7343227,1.805866
72057594038000684,1,1.119973,24264.63,0.03090107,0.2692165,1.797456,0.03142416,0.9213501,1.79149,-0.08496644,0.7033914,1.761483,-0.03079749,0.4752132,1.681358,-0.0118359,0.298429,1.676089,-0.006075246,0.2577789,1.703291,0.1541869,0.6832019,1.780667,0.2075376,0.4494315,1.777341,0.21578,0.264853,1.707785,0.2148084,0.222816,1.689415,-0.02487599,0.2750697,1.757438,-0.08283956,0.01784548,1.773187,-0.1340587,-0.1969109,1.789548,0.0857512,0.2672369,1.773122,0.09629873,-0.0362162,1.774612,0.09799027,-0.2580557,1.777148,0.02576201,0.7343227,1.805866
72057594038000684,1,1.119973,24264.64,0.03090107,0.2692165,1.797456,0.03142416,0.9213501,1.79149,-0.08496644,0.7033914,1.761483,-0.03079749,0.4752132,1.681358,-0.0118359,0.298429,1.676089,-0.006075246,0.2577789,1.703291,0.1541869,0.6832019,1.780667,0.2075376,0.4494315,1.777341,0.21578,0.264853,1.707785,0.2148084,0.222816,1.689415,-0.02487599,0.2750697,1.757438,-0.08283956,0.01784548,1.773187,-0.1340587,-0.1969109,1.789548,0.0857512,0.2672369,1.773122,0.09629873,-0.0362162,1.774612,0.09799027,-0.2580557,1.777148,0.02576201,0.7343227,1.805866
72057594038000684,1,1.119607,24264.64,0.03647559,0.2725826,1.796009,0.03516877,0.9209849,1.789715,-0.09116533,0.7048108,1.770845,-0.03102877,0.4693673,1.683943,0.1553791,0.4566626,1.666336,0.2174481,0.452602,1.66394,0.1576078,0.6838939,1.779972,0.2093021,0.4526195,1.776898,0.2188764,0.269159,1.708045,0.2175225,0.2260175,1.689281,-0.0189895,0.2785396,1.756762,-0.06435838,0.02390161,1.776744,-0.115782,-0.1796315,1.794876,0.09081873,0.2703626,1.771048,0.09734417,-0.03391555,1.773924,0.09792564,-0.2405921,1.776028,0.02787758,0.7354049,1.805901
72057594038000684,1,1.119607,24264.64,0.03647559,0.2725826,1.796009,0.03516877,0.9209849,1.789715,-0.09116533,0.7048108,1.770845,-0.03102877,0.4693673,1.683943,0.1553791,0.4566626,1.666336,0.2174481,0.452602,1.66394,0.1576078,0.6838939,1.779972,0.2093021,0.4526195,1.776898,0.2188764,0.269159,1.708045,0.2175225,0.2260175,1.689281,-0.0189895,0.2785396,1.756762,-0.06435838,0.02390161,1.776744,-0.115782,-0.1796315,1.794876,0.09081873,0.2703626,1.771048,0.09734417,-0.03391555,1.773924,0.09792564,-0.2405921,1.776028,0.02787758,0.7354049,1.805901
72057594038000684,1,1.119607,24264.65,0.03647559,0.2725826,1.796009,0.03516877,0.9209849,1.789715,-0.09116533,0.7048108,1.770845,-0.03102877,0.4693673,1.683943,0.1553791,0.4566626,1.666336,0.2174481,0.452602,1.66394,0.1576078,0.6838939,1.779972,0.2093021,0.4526195,1.776898,0.2188764,0.269159,1.708045,0.2175225,0.2260175,1.689281,-0.0189895,0.2785396,1.756762,-0.06435838,0.02390161,1.776744,-0.115782,-0.1796315,1.794876,0.09081873,0.2703626,1.771048,0.09734417,-0.03391555,1.773924,0.09792564,-0.2405921,1.776028,0.02787758,0.7354049,1.805901
72057594038000684,1,1.119607,24264.65,0.03647559,0.2725826,1.796009,0.03516877,0.9209849,1.789715,-0.09116533,0.7048108,1.770845,-0.03102877,0.4693673,1.683943,0.1553791,0.4566626,1.666336,0.2174481,0.452602,1.66394,0.1576078,0.6838939,1.779972,0.2093021,0.4526195,1.776898,0.2188764,0.269159,1.708045,0.2175225,0.2260175,1.689281,-0.0189895,0.2785396,1.756762,-0.06435838,0.02390161,1.776744,-0.115782,-0.1796315,1.794876,0.09081873,0.2703626,1.771048,0.09734417,-0.03391555,1.773924,0.09792564,-0.2405921,1.776028,0.02787758,0.7354049,1.805901
72057594038000684,1,1.119607,24264.65,0.03647559,0.2725826,1.796009,0.03516877,0.9209849,1.789715,-0.09116533,0.7048108,1.770845,-0.03102877,0.4693673,1.683943,0.1553791,0.4566626,1.666336,0.2174481,0.452602,1.66394,0.1576078,0.6838939,1.779972,0.2093021,0.4526195,1.776898,0.2188764,0.269159,1.708045,0.2175225,0.2260175,1.689281,-0.0189895,0.2785396,1.756762,-0.06435838,0.02390161,1.776744,-0.115782,-0.1796315,1.794876,0.09081873,0.2703626,1.771048,0.09734417,-0.03391555,1.773924,0.09792564,-0.2405921,1.776028,0.02787758,0.7354049,1.805901
72057594038000684,1,1.119607,24264.66,0.03647559,0.2725826,1.796009,0.03516877,0.9209849,1.789715,-0.09116533,0.7048108,1.770845,-0.03102877,0.4693673,1.683943,0.1553791,0.4566626,1.666336,0.2174481,0.452602,1.66394,0.1576078,0.6838939,1.779972,0.2093021,0.4526195,1.776898,0.2188764,0.269159,1.708045,0.2175225,0.2260175,1.689281,-0.0189895,0.2785396,1.756762,-0.06435838,0.02390161,1.776744,-0.115782,-0.1796315,1.794876,0.09081873,0.2703626,1.771048,0.09734417,-0.03391555,1.773924,0.09792564,-0.2405921,1.776028,0.02787758,0.7354049,1.805901
72057594038000684,1,1.119607,24264.66,0.03647559,0.2725826,1.796009,0.03516877,0.9209849,1.789715,-0.09116533,0.7048108,1.770845,-0.03102877,0.4693673,1.683943,0.1553791,0.4566626,1.666336,0.2174481,0.452602,1.66394,0.1576078,0.6838939,1.779972,0.2093021,0.4526195,1.776898,0.2188764,0.269159,1.708045,0.2175225,0.2260175,1.689281,-0.0189895,0.2785396,1.756762,-0.06435838,0.02390161,1.776744,-0.115782,-0.1796315,1.794876,0.09081873,0.2703626,1.771048,0.09734417,-0.03391555,1.773924,0.09792564,-0.2405921,1.776028,0.02787758,0.7354049,1.805901
72057594038000684,1,1.119607,24264.67,0.03647559,0.2725826,1.796009,0.03516877,0.9209849,1.789715,-0.09116533,0.7048108,1.770845,-0.03102877,0.4693673,1.683943,0.1553791,0.4566626,1.666336,0.2174481,0.452602,1.66394,0.1576078,0.6838939,1.779972,0.2093021,0.4526195,1.776898,0.2188764,0.269159,1.708045,0.2175225,0.2260175,1.689281,-0.0189895,0.2785396,1.756762,-0.06435838,0.02390161,1.776744,-0.115782,-0.1796315,1.794876,0.09081873,0.2703626,1.771048,0.09734417,-0.03391555,1.773924,0.09792564,-0.2405921,1.776028,0.02787758,0.7354049,1.805901
72057594038000684,1,1.119607,24264.67,0.03647559,0.2725826,1.796009,0.03516877,0.9209849,1.789715,-0.09116533,0.7048108,1.770845,-0.03102877,0.4693673,1.683943,0.1553791,0.4566626,1.666336,0.2174481,0.452602,1.66394,0.1576078,0.6838939,1.779972,0.2093021,0.4526195,1.776898,0.2188764,0.269159,1.708045,0.2175225,0.2260175,1.689281,-0.0189895,0.2785396,1.756762,-0.06435838,0.02390161,1.776744,-0.115782,-0.1796315,1.794876,0.09081873,0.2703626,1.771048,0.09734417,-0.03391555,1.773924,0.09792564,-0.2405921,1.776028,0.02787758,0.7354049,1.805901
72057594038000684,1,1.119547,24264.67,0.04363446,0.27469,1.795155,0.03944965,0.9207798,1.788209,-0.09582327,0.70432,1.777251,0.02034868,0.4838702,1.671408,0.2502408,0.3883254,1.734029,0.326845,0.3567076,1.758346,0.1623915,0.6844867,1.779671,0.2115987,0.4553527,1.776566,0.2205611,0.2690366,1.707388,0.2219549,0.2175946,1.686872,-0.01240179,0.28032,1.757002,0.01414819,0.03857169,1.782847,-0.0980932,-0.1910927,1.806926,0.09837166,0.272731,1.769093,0.09991477,-0.0285404,1.772811,0.09933251,-0.2369089,1.775367,0.03063686,0.7363267,1.805946
72057594038000684,1,1.119547,24264.68,0.04363446,0.27469,1.795155,0.03944965,0.9207798,1.788209,-0.09582327,0.70432,1.777251,0.02034868,0.4838702,1.671408,0.2502408,0.3883254,1.734029,0.326845,0.3567076,1.758346,0.1623915,0.6844867,1.779671,0.2115987,0.4553527,1.776566,0.2205611,0.2690366,1.707388,0.2219549,0.2175946,1.686872,-0.01240179,0.28032,1.757002,0.01414819,0.03857169,1.782847,-0.0980932,-0.1910927,1.806926,0.09837166,0.272731,1.769093,0.09991477,-0.0285404,1.772811,0.09933251,-0.2369089,1.775367,0.03063686,0.7363267,1.805946
72057594038000684,1,1.119547,24264.68,0.04363446,0.27469,1.795155,0.03944965,0.9207798,1.788209,-0.09582327,0.70432,1.777251,0.02034868,0.4838702,1.671408,0.2502408,0.3883254,1.734029,0.326845,0.3567076,1.758346,0.1623915,0.6844867,1.779671,0.2115987,0.4553527,1.776566,0.2205611,0.2690366,1.707388,0.2219549,0.2175946,1.686872,-0.01240179,0.28032,1.757002,0.01414819,0.03857169,1.782847,-0.0980932,-0.1910927,1.806926,0.09837166,0.272731,1.769093,0.09991477,-0.0285404,1.772811,0.09933251,-0.2369089,1.775367,0.03063686,0.7363267,1.805946
72057594038000684,1,1.119547,24264.68,0.04363446,0.27469,1.795155,0.03944965,0.9207798,1.788209,-0.09582327,0.70432,1.777251,0.02034868,0.4838702,1.671408,0.2502408,0.3883254,1.734029,0.326845,0.3567076,1.758346,0.1623915,0.6844867,1.779671,0.2115987,0.4553527,1.776566,0.2205611,0.2690366,1.707388,0.2219549,0.2175946,1.686872,-0.01240179,0.28032,1.757002,0.01414819,0.03857169,1.782847,-0.0980932,-0.1910927,1.806926,0.09837166,0.272731,1.769093,0.09991477,-0.0285404,1.772811,0.09933251,-0.2369089,1.775367,0.03063686,0.7363267,1.805946
72057594038000684,1,1.119547,24264.69,0.04363446,0.27469,1.795155,0.03944965,0.9207798,1.788209,-0.09582327,0.70432,1.777251,0.02034868,0.4838702,1.671408,0.2502408,0.3883254,1.734029,0.326845,0.3567076,1.758346,0.1623915,0.6844867,1.779671,0.2115987,0.4553527,1.776566,0.2205611,0.2690366,1.707388,0.2219549,0.2175946,1.686872,-0.01240179,0.28032,1.757002,0.01414819,0.03857169,1.782847,-0.0980932,-0.1910927,1.806926,0.09837166,0.272731,1.769093,0.09991477,-0.0285404,1.772811,0.09933251,-0.2369089,1.775367,0.03063686,0.7363267,1.805946
72057594038000684,1,1.119547,24264.69,0.04363446,0.27469,1.795155,0.03944965,0.9207798,1.788209,-0.09582327,0.70432,1.777251,0.02034868,0.4838702,1.671408,0.2502408,0.3883254,1.734029,0.326845,0.3567076,1.758346,0.1623915,0.6844867,1.779671,0.2115987,0.4553527,1.776566,0.2205611,0.2690366,1.707388,0.2219549,0.2175946,1.686872,-0.01240179,0.28032,1.757002,0.01414819,0.03857169,1.782847,-0.0980932,-0.1910927,1.806926,0.09837166,0.272731,1.769093,0.09991477,-0.0285404,1.772811,0.09933251,-0.2369089,1.775367,0.03063686,0.7363267,1.805946
72057594038000684,1,1.119547,24264.69,0.04363446,0.27469,1.795155,0.03944965,0.9207798,1.788209,-0.09582327,0.70432,1.777251,0.02034868,0.4838702,1.671408,0.2502408,0.3883254,1.734029,0.326845,0.3567076,1.758346,0.1623915,0.6844867,1.779671,0.2115987,0.4553527,1.776566,0.2205611,0.2690366,1.707388,0.2219549,0.2175946,1.686872,-0.01240179,0.28032,1.757002,0.01414819,0.03857169,1.782847,-0.0980932,-0.1910927,1.806926,0.09837166,0.272731,1.769093,0.09991477,-0.0285404,1.772811,0.09933251,-0.2369089,1.775367,0.03063686,0.7363267,1.805946
72057594038000684,1,1.119547,24264.7,0.04363446,0.27469,1.795155,0.03944965,0.9207798,1.788209,-0.09582327,0.70432,1.777251,0.02034868,0.4838702,1.671408,0.2502408,0.3883254,1.734029,0.326845,0.3567076,1.758346,0.1623915,0.6844867,1.779671,0.2115987,0.4553527,1.776566,0.2205611,0.2690366,1.707388,0.2219549,0.2175946,1.686872,-0.01240179,0.28032,1.757002,0.01414819,0.03857169,1.782847,-0.0980932,-0.1910927,1.806926,0.09837166,0.272731,1.769093,0.09991477,-0.0285404,1.772811,0.09933251,-0.2369089,1.775367,0.03063686,0.7363267,1.805946
72057594038000684,1,1.119547,24264.7,0.04363446,0.27469,1.795155,0.03944965,0.9207798,1.788209,-0.09582327,0.70432,1.777251,0.02034868,0.4838702,1.671408,0.2502408,0.3883254,1.734029,0.326845,0.3567076,1.758346,0.1623915,0.6844867,1.779671,0.2115987,0.4553527,1.776566,0.2205611,0.2690366,1.707388,0.2219549,0.2175946,1.686872,-0.01240179,0.28032,1.757002,0.01414819,0.03857169,1.782847,-0.0980932,-0.1910927,1.806926,0.09837166,0.272731,1.769093,0.09991477,-0.0285404,1.772811,0.09933251,-0.2369089,1.775367,0.03063686,0.7363267,1.805946
72057594038000684,1,1.119547,24264.71,0.04363446,0.27469,1.795155,0.03944965,0.9207798,1.788209,-0.09582327,0.70432,1.777251,0.02034868,0.4838702,1.671408,0.2502408,0.3883254,1.734029,0.326845,0.3567076,1.758346,0.1623915,0.6844867,1.779671,0.2115987,0.4553527,1.776566,0.2205611,0.2690366,1.707388,0.2219549,0.2175946,1.686872,-0.01240179,0.28032,1.757002,0.01414819,0.03857169,1.782847,-0.0980932,-0.1910927,1.806926,0.09837166,0.272731,1.769093,0.09991477,-0.0285404,1.772811,0.09933251,-0.2369089,1.775367,0.03063686,0.7363267,1.805946
72057594038000684,1,1.119013,24264.71,0.07592915,0.2830217,1.793103,0.0428537,0.9206595,1.786644,-0.05023133,0.700479,1.751768,-0.03696333,0.4387686,1.680204,-0.03108446,0.1879987,1.70864,-0.02361484,0.1549293,1.738925,0.1653098,0.6869269,1.778554,0.2145996,0.4610149,1.776184,0.2227153,0.2660068,1.705104,0.2229958,0.2146422,1.686435,0.01815259,0.2867059,1.751936,-0.01656907,0.06922337,1.807757,0.07547586,-0.2021588,1.782961,0.1314248,0.2827716,1.77049,0.1011309,-0.01457483,1.769048,0.1011614,-0.2374378,1.774479,0.03984892,0.7380405,1.804791
72057594038000684,1,1.119013,24264.71,0.07592915,0.2830217,1.793103,0.0428537,0.9206595,1.786644,-0.05023133,0.700479,1.751768,-0.03696333,0.4387686,1.680204,-0.03108446,0.1879987,1.70864,-0.02361484,0.1549293,1.738925,0.1653098,0.6869269,1.778554,0.2145996,0.4610149,1.776184,0.2227153,0.2660068,1.705104,0.2229958,0.2146422,1.686435,0.01815259,0.2867059,1.751936,-0.01656907,0.06922337,1.807757,0.07547586,-0.2021588,1.782961,0.1314248,0.2827716,1.77049,0.1011309,-0.01457483,1.769048,0.1011614,-0.2374378,1.774479,0.03984892,0.7380405,1.804791
72057594038000684,1,1.119013,24264.71,0.07592915,0.2830217,1.793103,0.0428537,0.9206595,1.786644,-0.05023133,0.700479,1.751768,-0.03696333,0.4387686,1.680204,-0.03108446,0.1879987,1.70864,-0.02361484,0.1549293,1.738925,0.1653098,0.6869269,1.778554,0.2145996,0.4610149,1.776184,0.2227153,0.2660068,1.705104,0.2229958,0.2146422,1.686435,0.01815259,0.2867059,1.751936,-0.01656907,0.06922337,1.807757,0.07547586,-0.2021588,1.782961,0.1314248,0.2827716,1.77049,0.1011309,-0.01457483,1.769048,0.1011614,-0.2374378,1.774479,0.03984892,0.7380405,1.804791
72057594038000684,1,1.119013,24264.72,0.07592915,0.2830217,1.793103,0.0428537,0.9206595,1.786644,-0.05023133,0.700479,1.751768,-0.03696333,0.4387686,1.680204,-0.03108446,0.1879987,1.70864,-0.02361484,0.1549293,1.738925,0.1653098,0.6869269,1.778554,0.2145996,0.4610149,1.776184,0.2227153,0.2660068,1.705104,0.2229958,0.2146422,1.686435,0.01815259,0.2867059,1.751936,-0.01656907,0.06922337,1.807757,0.07547586,-0.2021588,1.782961,0.1314248,0.2827716,1.77049,0.1011309,-0.01457483,1.769048,0.1011614,-0.2374378,1.774479,0.03984892,0.7380405,1.804791
72057594038000684,1,1.119013,24264.72,0.07592915,0.2830217,1.793103,0.0428537,0.9206595,1.786644,-0.05023133,0.700479,1.751768,-0.03696333,0.4387686,1.680204,-0.03108446,0.1879987,1.70864,-0.02361484,0.1549293,1.738925,0.1653098,0.6869269,1.778554,0.2145996,0.4610149,1.776184,0.2227153,0.2660068,1.705104,0.2229958,0.2146422,1.686435,0.01815259,0.2867059,1.751936,-0.01656907,0.06922337,1.807757,0.07547586,-0.2021588,1.782961,0.1314248,0.2827716,1.77049,0.1011309,-0.01457483,1.769048,0.1011614,-0.2374378,1.774479,0.03984892,0.7380405,1.804791
72057594038000684,1,1.119013,24264.72,0.07592915,0.2830217,1.793103,0.0428537,0.9206595,1.786644,-0.05023133,0.700479,1.751768,-0.03696333,0.4387686,1.680204,-0.03108446,0.1879987,1.70864,-0.02361484,0.1549293,1.738925,0.1653098,0.6869269,1.778554,0.2145996,0.4610149,1.776184,0.2227153,0.2660068,1.705104,0.2229958,0.2146422,1.686435,0.01815259,0.2867059,1.751936,-0.01656907,0.06922337,1.807757,0.07547586,-0.2021588,1.782961,0.1314248,0.2827716,1.77049,0.1011309,-0.01457483,1.769048,0.1011614,-0.2374378,1.774479,0.03984892,0.7380405,1.804791
72057594038000684,1,1.119013,24264.73,0.07592915,0.2830217,1.793103,0.0428537,0.9206595,1.786644,-0.05023133,0.700479,1.751768,-0.03696333,0.4387686,1.680204,-0.03108446,0.1879987,1.70864,-0.02361484,0.1549293,1.738925,0.1653098,0.6869269,1.778554,0.2145996,0.4610149,1.776184,0.2227153,0.2660068,1.705104,0.2229958,0.2146422,1.686435,0.01815259,0.2867059,1.751936,-0.01656907,0.06922337,1.807757,0.07547586,-0.2021588,1.782961,0.1314248,0.2827716,1.77049,0.1011309,-0.01457483,1.769048,0.1011614,-0.2374378,1.774479,0.03984892,0.7380405,1.804791
72057594038000684,1,1.119013,24264.73,0.07592915,0.2830217,1.793103,0.0428537,0.9206595,1.786644,-0.05023133,0.700479,1.751768,-0.03696333,0.4387686,1.680204,-0.03108446,0.1879987,1.70864,-0.02361484,0.1549293,1.738925,0.1653098,0.6869269,1.778554,0.2145996,0.4610149,1.776184,0.2227153,0.2660068,1.705104,0.2229958,0.2146422,1.686435,0.01815259,0.2867059,1.751936,-0.01656907,0.06922337,1.807757,0.07547586,-0.2021588,1.782961,0.1314248,0.2827716,1.77049,0.1011309,-0.01457483,1.769048,0.1011614,-0.2374378,1.774479,0.03984892,0.7380405,1.804791
72057594038000684,1,1.119013,24264.73,0.07592915,0.2830217,1.793103,0.0428537,0.9206595,1.786644,-0.05023133,0.700479,1.751768,-0.03696333,0.4387686,1.680204,-0.03108446,0.1879987,1.70864,-0.02361484,0.1549293,1.738925,0.1653098,0.6869269,1.778554,0.2145996,0.4610149,1.776184,0.2227153,0.2660068,1.705104,0.2229958,0.2146422,1.686435,0.01815259,0.2867059,1.751936,-0.01656907,0.06922337,1.807757,0.07547586,-0.2021588,1.782961,0.1314248,0.2827716,1.77049,0.1011309,-0.01457483,1.769048,0.1011614,-0.2374378,1.774479,0.03984892,0.7380405,1.804791
72057594038000684,1,1.119013,24264.74,0.07592915,0.2830217,1.793103,0.0428537,0.9206595,1.786644,-0.05023133,0.700479,1.751768,-0.03696333,0.4387686,1.680204,-0.03108446,0.1879987,1.70864,-0.02361484,0.1549293,1.738925,0.1653098,0.6869269,1.778554,0.2145996,0.4610149,1.776184,0.2227153,0.2660068,1.705104,0.2229958,0.2146422,1.686435,0.01815259,0.2867059,1.751936,-0.01656907,0.06922337,1.807757,0.07547586,-0.2021588,1.782961,0.1314248,0.2827716,1.77049,0.1011309,-0.01457483,1.769048,0.1011614,-0.2374378,1.774479,0.03984892,0.7380405,1.804791
72057594038000684,1,1.126647,24264.74,0.1017969,0.2669494,1.797242,0.04388974,0.9196488,1.787261,-0.04251145,0.6974307,1.74984,0.04505494,0.4495029,1.662,0.05657531,0.1822181,1.685076,0.1003027,0.1803839,1.707594,0.1795989,0.6863568,1.774622,0.2284575,0.4834371,1.777232,0.2251665,0.2634883,1.703658,0.2257949,0.2159867,1.685403,0.04647012,0.2697038,1.759122,0.0287308,0.04255927,1.810127,0.1003408,-0.2382715,1.772842,0.1539775,0.2679751,1.771808,0.1017361,-0.01595756,1.768867,0.1030817,-0.2376221,1.772679,0.06055263,0.733494,1.801782
72057594038000684,1,1.126647,24264.75,0.1017969,0.2669494,1.797242,0.04388974,0.9196488,1.787261,-0.04251145,0.6974307,1.74984,0.04505494,0.4495029,1.662,0.05657531,0.1822181,1.685076,0.1003027,0.1803839,1.707594,0.1795989,0.6863568,1.774622,0.2284575,0.4834371,1.777232,0.2251665,0.2634883,1.703658,0.2257949,0.2159867,1.685403,0.04647012,0.2697038,1.759122,0.0287308,0.04255927,1.810127,0.1003408,-0.2382715,1.772842,0.1539775,0.2679751,1.771808,0.1017361,-0.01595756,1.768867,0.1030817,-0.2376221,1.772679,0.06055263,0.733494,1.801782
72057594038000684,1,1.126647,24264.75,0.1017969,0.2669494,1.797242,0.04388974,0.9196488,1.787261,-0.04251145,0.6974307,1.74984,0.04505494,0.4495029,1.662,0.05657531,0.1822181,1.685076,0.1003027,0.1803839,1.707594,0.1795989,0.6863568,1.774622,0.2284575,0.4834371,1.777232,0.2251665,0.2634883,1.703658,0.2257949,0.2159867,1.685403,0.04647012,0.2697038,1.759122,0.0287308,0.04255927,1.810127,0.1003408,-0.2382715,1.772842,0.1539775,0.2679751,1.771808,0.1017361,-0.01595756,1.768867,0.1030817,-0.2376221,1.772679,0.06055263,0.733494,1.801782
72057594038000684,1,1.126647,24264.75,0.1017969,0.2669494,1.797242,0.04388974,0.9196488,1.787261,-0.04251145,0.6974307,1.74984,0.04505494,0.4495029,1.662,0.05657531,0.1822181,1.685076,0.1003027,0.1803839,1.707594,0.1795989,0.6863568,1.774622,0.2284575,0.4834371,1.777232,0.2251665,0.2634883,1.703658,0.2257949,0.2159867,1.685403,0.04647012,0.2697038,1.759122,0.0287308,0.04255927,1.810127,0.1003408,-0.2382715,1.772842,0.1539775,0.2679751,1.771808,0.1017361,-0.01595756,1.768867,0.1030817,-0.2376221,1.772679,0.06055263,0.733494,1.801782
72057594038000684,1,1.126647,24264.75,0.1017969,0.2669494,1.797242,0.04388974,0.9196488,1.787261,-0.04251145,0.6974307,1.74984,0.04505494,0.4495029,1.662,0.05657531,0.1822181,1.685076,0.1003027,0.1803839,1.707594,0.1795989,0.6863568,1.774622,0.2284575,0.4834371,1.777232,0.2251665,0.2634883,1.703658,0.2257949,0.2159867,1.685403,0.04647012,0.2697038,1.759122,0.0287308,0.04255927,1.810127,0.1003408,-0.2382715,1.772842,0.1539775,0.2679751,1.771808,0.1017361,-0.01595756,1.768867,0.1030817,-0.2376221,1.772679,0.06055263,0.733494,1.801782
72057594038000684,1,1.126647,24264.76,0.1017969,0.2669494,1.797242,0.04388974,0.9196488,1.787261,-0.04251145,0.6974307,1.74984,0.04505494,0.4495029,1.662,0.05657531,0.1822181,1.685076,0.1003027,0.1803839,1.707594,0.1795989,0.6863568,1.774622,0.2284575,0.4834371,1.777232,0.2251665,0.2634883,1.703658,0.2257949,0.2159867,1.685403,0.04647012,0.2697038,1.759122,0.0287308,0.04255927,1.810127,0.1003408,-0.2382715,1.772842,0.1539775,0.2679751,1.771808,0.1017361,-0.01595756,1.768867,0.1030817,-0.2376221,1.772679,0.06055263,0.733494,1.801782
72057594038000684,1,1.126647,24264.76,0.1017969,0.2669494,1.797242,0.04388974,0.9196488,1.787261,-0.04251145,0.6974307,1.74984,0.04505494,0.4495029,1.662,0.05657531,0.1822181,1.685076,0.1003027,0.1803839,1.707594,0.1795989,0.6863568,1.774622,0.2284575,0.4834371,1.777232,0.2251665,0.2634883,1.703658,0.2257949,0.2159867,1.685403,0.04647012,0.2697038,1.759122,0.0287308,0.04255927,1.810127,0.1003408,-0.2382715,1.772842,0.1539775,0.2679751,1.771808,0.1017361,-0.01595756,1.768867,0.1030817,-0.2376221,1.772679,0.06055263,0.733494,1.801782
72057594038000684,1,1.126647,24264.76,0.1017969,0.2669494,1.797242,0.04388974,0.9196488,1.787261,-0.04251145,0.6974307,1.74984,0.04505494,0.4495029,1.662,0.05657531,0.1822181,1.685076,0.1003027,0.1803839,1.707594,0.1795989,0.6863568,1.774622,0.2284575,0.4834371,1.777232,0.2251665,0.2634883,1.703658,0.2257949,0.2159867,1.685403,0.04647012,0.2697038,1.759122,0.0287308,0.04255927,1.810127,0.1003408,-0.2382715,1.772842,0.1539775,0.2679751,1.771808,0.1017361,-0.01595756,1.768867,0.1030817,-0.2376221,1.772679,0.06055263,0.733494,1.801782
72057594038000684,1,1.126647,24264.77,0.1017969,0.2669494,1.797242,0.04388974,0.9196488,1.787261,-0.04251145,0.6974307,1.74984,0.04505494,0.4495029,1.662,0.05657531,0.1822181,1.685076,0.1003027,0.1803839,1.707594,0.1795989,0.6863568,1.774622,0.2284575,0.4834371,1.777232,0.2251665,0.2634883,1.703658,0.2257949,0.2159867,1.685403,0.04647012,0.2697038,1.759122,0.0287308,0.04255927,1.810127,0.1003408,-0.2382715,1.772842,0.1539775,0.2679751,1.771808,0.1017361,-0.01595756,1.768867,0.1030817,-0.2376221,1.772679,0.06055263,0.733494,1.801782
72057594038000684,1,1.126647,24264.77,0.1017969,0.2669494,1.797242,0.04388974,0.9196488,1.787261,-0.04251145,0.6974307,1.74984,0.04505494,0.4495029,1.662,0.05657531,0.1822181,1.685076,0.1003027,0.1803839,1.707594,0.1795989,0.6863568,1.774622,0.2284575,0.4834371,1.777232,0.2251665,0.2634883,1.703658,0.2257949,0.2159867,1.685403,0.04647012,0.2697038,1.759122,0.0287308,0.04255927,1.810127,0.1003408,-0.2382715,1.772842,0.1539775,0.2679751,1.771808,0.1017361,-0.01595756,1.768867,0.1030817,-0.2376221,1.772679,0.06055263,0.733494,1.801782
72057594038000684,1,1.109896,24264.77,0.155489,0.2993761,1.80495,0.04576512,0.9188427,1.788065,-0.02494407,0.6940149,1.748392,0.1172531,0.4955142,1.693575,0.154817,0.2278206,1.698317,0.1560317,0.1531169,1.705926,0.1981202,0.6852412,1.772788,0.1348764,0.4604787,1.705306,0.2308914,0.2522529,1.695543,0.2299833,0.2072297,1.681749,0.09882113,0.3024147,1.777357,0.03542098,0.04216212,1.810176,0.1037718,-0.2463124,1.766937,0.2069838,0.2990193,1.769179,0.1439147,0.04948291,1.742308,0.1267183,-0.2257521,1.768746,0.08204946,0.7339978,1.801346
72057594038000684,1,1.109896,24264.78,0.155489,0.2993761,1.80495,0.04576512,0.9188427,1.788065,-0.02494407,0.6940149,1.748392,0.1172531,0.4955142,1.693575,0.154817,0.2278206,1.698317,0.1560317,0.1531169,1.705926,0.1981202,0.6852412,1.772788,0.1348764,0.4604787,1.705306,0.2308914,0.2522529,1.695543,0.2299833,0.2072297,1.681749,0.09882113,0.3024147,1.777357,0.03542098,0.04216212,1.810176,0.1037718,-0.2463124,1.766937,0.2069838,0.2990193,1.769179,0.1439147,0.04948291,1.742308,0.1267183,-0.2257521,1.768746,0.08204946,0.7339978,1.801346
72057594038000684,1,1.109896,24264.78,0.155489,0.2993761,1.80495,0.04576512,0.9188427,1.788065,-0.02494407,0.6940149,1.748392,0.1172531,0.4955142,1.693575,0.154817,0.2278206,1.698317,0.1560317,0.1531169,1.705926,0.1981202,0.6852412,1.772788,0.1348764,0.4604787,1.705306,0.2308914,0.2522529,1.695543,0.2299833,0.2072297,1.681749,0.09882113,0.3024147,1.777357,0.03542098,0.04216212,1.810176,0.1037718,-0.2463124,1.766937,0.2069838,0.2990193,1.769179,0.1439147,0.04948291,1.742308,0.1267183,-0.2257521,1.768746,0.08204946,0.7339978,1.801346
72057594038000684,1,1.109896,24264.79,0.155489,0.2993761,1.80495,0.04576512,0.9188427,1.788065,-0.02494407,0.6940149,1.748392,0.1172531,0.4955142,1.693575,0.154817,0.2278206,1.698317,0.1560317,0.1531169,1.705926,0.1981202,0.6852412,1.772788,0.1348764,0.4604787,1.705306,0.2308914,0.2522529,1.695543,0.2299833,0.2072297,1.681749,0.09882113,0.3024147,1.777357,0.03542098,0.04216212,1.810176,0.1037718,-0.2463124,1.766937,0.2069838,0.2990193,1.769179,0.1439147,0.04948291,1.742308,0.1267183,-0.2257521,1.768746,0.08204946,0.7339978,1.801346
72057594038000684,1,1.109896,24264.79,0.155489,0.2993761,1.80495,0.04576512,0.9188427,1.788065,-0.02494407,0.6940149,1.748392,0.1172531,0.4955142,1.693575,0.154817,0.2278206,1.698317,0.1560317,0.1531169,1.705926,0.1981202,0.6852412,1.772788,0.1348764,0.4604787,1.705306,0.2308914,0.2522529,1.695543,0.2299833,0.2072297,1.681749,0.09882113,0.3024147,1.777357,0.03542098,0.04216212,1.810176,0.1037718,-0.2463124,1.766937,0.2069838,0.2990193,1.769179,0.1439147,0.04948291,1.742308,0.1267183,-0.2257521,1.768746,0.08204946,0.7339978,1.801346
72057594038000684,1,1.109896,24264.79,0.155489,0.2993761,1.80495,0.04576512,0.9188427,1.788065,-0.02494407,0.6940149,1.748392,0.1172531,0.4955142,1.693575,0.154817,0.2278206,1.698317,0.1560317,0.1531169,1.705926,0.1981202,0.6852412,1.772788,0.1348764,0.4604787,1.705306,0.2308914,0.2522529,1.695543,0.2299833,0.2072297,1.681749,0.09882113,0.3024147,1.777357,0.03542098,0.04216212,1.810176,0.1037718,-0.2463124,1.766937,0.2069838,0.2990193,1.769179,0.1439147,0.04948291,1.742308,0.1267183,-0.2257521,1.768746,0.08204946,0.7339978,1.801346
72057594038000684,1,1.109896,24264.8,0.155489,0.2993761,1.80495,0.04576512,0.9188427,1.788065,-0.02494407,0.6940149,1.748392,0.1172531,0.4955142,1.693575,0.154817,0.2278206,1.698317,0.1560317,0.1531169,1.705926,0.1981202,0.6852412,1.772788,0.1348764,0.4604787,1.705306,0.2308914,0.2522529,1.695543,0.2299833,0.2072297,1.681749,0.09882113,0.3024147,1.777357,0.03542098,0.04216212,1.810176,0.1037718,-0.2463124,1.766937,0.2069838,0.2990193,1.769179,0.1439147,0.04948291,1.742308,0.1267183,-0.2257521,1.768746,0.08204946,0.7339978,1.801346
72057594038000684,1,1.109896,24264.8,0.155489,0.2993761,1.80495,0.04576512,0.9188427,1.788065,-0.02494407,0.6940149,1.748392,0.1172531,0.4955142,1.693575,0.154817,0.2278206,1.698317,0.1560317,0.1531169,1.705926,0.1981202,0.6852412,1.772788,0.1348764,0.4604787,1.705306,0.2308914,0.2522529,1.695543,0.2299833,0.2072297,1.681749,0.09882113,0.3024147,1.777357,0.03542098,0.04216212,1.810176,0.1037718,-0.2463124,1.766937,0.2069838,0.2990193,1.769179,0.1439147,0.04948291,1.742308,0.1267183,-0.2257521,1.768746,0.08204946,0.7339978,1.801346
72057594038000684,1,1.109896,24264.8,0.155489,0.2993761,1.80495,0.04576512,0.9188427,1.788065,-0.02494407,0.6940149,1.748392,0.1172531,0.4955142,1.693575,0.154817,0.2278206,1.698317,0.1560317,0.1531169,1.705926,0.1981202,0.6852412,1.772788,0.1348764,0.4604787,1.705306,0.2308914,0.2522529,1.695543,0.2299833,0.2072297,1.681749,0.09882113,0.3024147,1.777357,0.03542098,0.04216212,1.810176,0.1037718,-0.2463124,1.766937,0.2069838,0.2990193,1.769179,0.1439147,0.04948291,1.742308,0.1267183,-0.2257521,1.768746,0.08204946,0.7339978,1.801346
72057594038000684,1,1.115586,24264.81,0.1487703,0.2916331,1.801793,0.04732036,0.922023,1.788727,-0.0258629,0.6863885,1.745546,0.110827,0.4880599,1.690811,0.07592321,0.7467374,1.689642,0.06493775,0.8474635,1.701555,0.1738714,0.6829844,1.765044,0.2452841,0.4599981,1.768453,0.231085,0.2510353,1.699451,0.2419664,0.2128296,1.692762,0.08912749,0.2882545,1.760682,0.03446127,0.03585687,1.808051,0.09939472,-0.2578235,1.75964,0.2000014,0.2929578,1.774399,0.1374507,0.0420284,1.739461,0.1251066,-0.2293373,1.766403,0.08109049,0.728233,1.799054
72057594038000684,1,1.115586,24264.81,0.1487703,0.2916331,1.801793,0.04732036,0.922023,1.788727,-0.0258629,0.6863885,1.745546,0.110827,0.4880599,1.690811,0.07592321,0.7467374,1.689642,0.06493775,0.8474635,1.701555,0.1738714,0.6829844,1.765044,0.2452841,0.4599981,1.768453,0.231085,0.2510353,1.699451,0.2419664,0.2128296,1.692762,0.08912749,0.2882545,1.760682,0.03446127,0.03585687,1.808051,0.09939472,-0.2578235,1.75964,0.2000014,0.2929578,1.774399,0.1374507,0.0420284,1.739461,0.1251066,-0.2293373,1.766403,0.08109049,0.728233,1.799054
72057594038000684,1,1.115586,24264.81,0.1487703,0.2916331,1.801793,0.04732036,0.922023,1.788727,-0.0258629,0.6863885,1.745546,0.110827,0.4880599,1.690811,0.07592321,0.7467374,1.689642,0.06493775,0.8474635,1.701555,0.1738714,0.6829844,1.765044,0.2452841,0.4599981,1.768453,0.231085,0.2510353,1.699451,0.2419664,0.2128296,1.692762,0.08912749,0.2882545,1.760682,0.03446127,0.03585687,1.808051,0.09939472,-0.2578235,1.75964,0.2000014,0.2929578,1.774399,0.1374507,0.0420284,1.739461,0.1251066,-0.2293373,1.766403,0.08109049,0.728233,1.799054
72057594038000684,1,1.115586,24264.82,0.1487703,0.2916331,1.801793,0.04732036,0.922023,1.788727,-0.0258629,0.6863885,1.745546,0.110827,0.4880599,1.690811,0.07592321,0.7467374,1.689642,0.06493775,0.8474635,1.701555,0.1738714,0.6829844,1.765044,0.2452841,0.4599981,1.768453,0.231085,0.2510353,1.699451,0.2419664,0.2128296,1.692762,0.08912749,0.2882545,1.760682,0.03446127,0.03585687,1.808051,0.09939472,-0.2578235,1.75964,0.2000014,0.2929578,1.774399,0.1374507,0.0420284,1.739461,0.1251066,-0.2293373,1.766403,0.08109049,0.728233,1.799054
72057594038000684,1,1.115586,24264.82,0.1487703,0.2916331,1.801793,0.04732036,0.922023,1.788727,-0.0258629,0.6863885,1.745546,0.110827,0.4880599,1.690811,0.07592321,0.7467374,1.689642,0.06493775,0.8474635,1.701555,0.1738714,0.6829844,1.765044,0.2452841,0.4599981,1.768453,0.231085,0.2510353,1.699451,0.2419664,0.2128296,1.692762,0.08912749,0.2882545,1.760682,0.03446127,0.03585687,1.808051,0.09939472,-0.2578235,1.75964,0.2000014,0.2929578,1.774399,0.1374507,0.0420284,1.739461,0.1251066,-0.2293373,1.766403,0.08109049,0.728233,1.799054
72057594038000684,1,1.115586,24264.83,0.1487703,0.2916331,1.801793,0.04732036,0.922023,1.788727,-0.0258629,0.6863885,1.745546,0.110827,0.4880599,1.690811,0.07592321,0.7467374,1.689642,0.06493775,0.8474635,1.701555,0.1738714,0.6829844,1.765044,0.2452841,0.4599981,1.768453,0.231085,0.2510353,1.699451,0.2419664,0.2128296,1.692762,0.08912749,0.2882545,1.760682,0.03446127,0.03585687,1.808051,0.09939472,-0.2578235,1.75964,0.2000014,0.2929578,1.774399,0.1374507,0.0420284,1.739461,0.1251066,-0.2293373,1.766403,0.08109049,0.728233,1.799054
72057594038000684,1,1.115586,24264.83,0.1487703,0.2916331,1.801793,0.04732036,0.922023,1.788727,-0.0258629,0.6863885,1.745546,0.110827,0.4880599,1.690811,0.07592321,0.7467374,1.689642,0.06493775,0.8474635,1.701555,0.1738714,0.6829844,1.765044,0.2452841,0.4599981,1.768453,0.231085,0.2510353,1.699451,0.2419664,0.2128296,1.692762,0.08912749,0.2882545,1.760682,0.03446127,0.03585687,1.808051,0.09939472,-0.2578235,1.75964,0.2000014,0.2929578,1.774399,0.1374507,0.0420284,1.739461,0.1251066,-0.2293373,1.766403,0.08109049,0.728233,1.799054
72057594038000684,0,1.115586,24264.84,0.1487703,0.2916331,1.801793,0.04732036,0.922023,1.788727,-0.0258629,0.6863885,1.745546,0.110827,0.4880599,1.690811,0.07592321,0.7467374,1.689642,0.06493775,0.8474635,1.701555,0.1738714,0.6829844,1.765044,0.2452841,0.4599981,1.768453,0.231085,0.2510353,1.699451,0.2419664,0.2128296,1.692762,0.08912749,0.2882545,1.760682,0.03446127,0.03585687,1.808051,0.09939472,-0.2578235,1.75964,0.2000014,0.2929578,1.774399,0.1374507,0.0420284,1.739461,0.1251066,-0.2293373,1.766403,0.08109049,0.728233,1.799054
