1,2017-10-10_10-35-35_72057594037928645_SkeleLog.csv
0,2017-10-10_10-43-31_InteractionEventLog.csv
0,2017-10-10_10-47-45_InteractionEventLog.csv
0,2017-10-10_10-53-30_InteractionEventLog.csv
0,2017-10-10_10-59-18_InteractionEventLog.csv
0,2017-10-10_11-03-32_InteractionEventLog.csv
0,2017-10-10_11-05-36_InteractionEventLog.csv
0,2017-10-10_11-08-15_InteractionEventLog.csv
0,2017-10-10_11-10-24_InteractionEventLog.csv
1,2017-10-10_11-13-17_72057594037928735_SkeleLog.csv
1,2017-10-10_11-13-34_72057594037928753_SkeleLog.csv
1,2017-10-10_11-13-40_72057594037928805_SkeleLog.csv
1,2017-10-10_11-13-41_72057594037928824_SkeleLog.csv
1,2017-10-10_11-14-25_72057594037928871_SkeleLog.csv
2,2017-10-10_11-12-35_LEVERHERO_MinigameLog.csv
0,2017-10-10_11-12-35_InteractionEventLog.csv
1,2017-10-10_11-15-57_72057594037928886_SkeleLog.csv
1,2017-10-10_11-16-01_72057594037928893_SkeleLog.csv
1,2017-10-10_11-16-55_72057594037928898_SkeleLog.csv
1,2017-10-10_11-16-02_72057594037928895_SkeleLog.csv
1,2017-10-10_11-17-04_72057594037928988_SkeleLog.csv
2,2017-10-10_11-15-49_LEVERHERO_MinigameLog.csv
0,2017-10-10_11-15-49_InteractionEventLog.csv
1,2017-10-10_11-22-51_72057594037929305_SkeleLog.csv
1,2017-10-10_11-22-38_72057594037929140_SkeleLog.csv
1,2017-10-10_11-22-56_72057594037929412_SkeleLog.csv
1,2017-10-10_11-23-02_72057594037929466_SkeleLog.csv
1,2017-10-10_11-23-10_72057594037929545_SkeleLog.csv
1,2017-10-10_11-22-57_72057594037929438_SkeleLog.csv
1,2017-10-10_11-22-43_72057594037929159_SkeleLog.csv
1,2017-10-10_11-23-23_72057594037929743_SkeleLog.csv
1,2017-10-10_11-24-07_72057594037930029_SkeleLog.csv
1,2017-10-10_11-24-47_72057594037930104_SkeleLog.csv
1,2017-10-10_11-25-06_72057594037930319_SkeleLog.csv
1,2017-10-10_11-25-12_72057594037930403_SkeleLog.csv
1,2017-10-10_11-26-18_72057594037930545_SkeleLog.csv
1,2017-10-10_11-24-05_72057594037929999_SkeleLog.csv
1,2017-10-10_11-27-15_72057594037930716_SkeleLog.csv
1,2017-10-10_11-27-01_72057594037930694_SkeleLog.csv
1,2017-10-10_11-27-26_72057594037930749_SkeleLog.csv
1,2017-10-10_11-27-37_72057594037930989_SkeleLog.csv
1,2017-10-10_11-27-28_72057594037930776_SkeleLog.csv
1,2017-10-10_11-27-38_72057594037931011_SkeleLog.csv
1,2017-10-10_11-27-42_72057594037931027_SkeleLog.csv
1,2017-10-10_11-27-43_72057594037931052_SkeleLog.csv
1,2017-10-10_11-30-16_72057594037931403_SkeleLog.csv
1,2017-10-10_11-30-22_72057594037931405_SkeleLog.csv
1,2017-10-10_11-27-39_72057594037931012_SkeleLog.csv
1,2017-10-10_11-30-43_72057594037931584_SkeleLog.csv
1,2017-10-10_11-31-04_72057594037931640_SkeleLog.csv
1,2017-10-10_11-31-05_72057594037931650_SkeleLog.csv
1,2017-10-10_11-31-29_72057594037931843_SkeleLog.csv
1,2017-10-10_11-31-55_72057594037931901_SkeleLog.csv
1,2017-10-10_11-30-32_72057594037931479_SkeleLog.csv
2,2017-10-10_11-22-15_SLINGSHOT_MinigameLog.csv
1,2017-10-10_11-32-10_72057594037931972_SkeleLog.csv
0,2017-10-10_11-22-15_InteractionEventLog.csv
1,2017-10-10_11-32-17_72057594037931989_SkeleLog.csv
1,2017-10-10_11-31-59_72057594037931923_SkeleLog.csv
1,2017-10-10_11-34-39_72057594037932613_SkeleLog.csv
1,2017-10-10_11-34-42_72057594037932674_SkeleLog.csv
1,2017-10-10_11-34-55_72057594037932692_SkeleLog.csv
1,2017-10-10_11-36-13_72057594037932987_SkeleLog.csv
1,2017-10-10_11-36-20_72057594037933123_SkeleLog.csv
1,2017-10-10_11-36-37_72057594037933317_SkeleLog.csv
2,2017-10-10_11-32-23_SLINGSHOT_MinigameLog.csv
0,2017-10-10_11-32-23_InteractionEventLog.csv
1,2017-10-10_11-34-20_72057594037932406_SkeleLog.csv
1,2017-10-10_11-37-13_72057594037933555_SkeleLog.csv
1,2017-10-10_11-38-58_72057594037934025_SkeleLog.csv
1,2017-10-10_11-39-08_72057594037934045_SkeleLog.csv
1,2017-10-10_11-39-14_72057594037934133_SkeleLog.csv
1,2017-10-10_11-39-18_72057594037934196_SkeleLog.csv
1,2017-10-10_11-39-19_72057594037934205_SkeleLog.csv
1,2017-10-10_11-39-25_72057594037934211_SkeleLog.csv
1,2017-10-10_11-39-32_72057594037934249_SkeleLog.csv
1,2017-10-10_11-39-35_72057594037934256_SkeleLog.csv
1,2017-10-10_11-39-45_72057594037934382_SkeleLog.csv
1,2017-10-10_11-39-01_72057594037934026_SkeleLog.csv
1,2017-10-10_11-39-56_72057594037934402_SkeleLog.csv
1,2017-10-10_11-39-56_72057594037934400_SkeleLog.csv
1,2017-10-10_11-39-59_72057594037934429_SkeleLog.csv
1,2017-10-10_11-40-02_72057594037934447_SkeleLog.csv
1,2017-10-10_11-40-16_72057594037934525_SkeleLog.csv
1,2017-10-10_11-40-33_72057594037934587_SkeleLog.csv
1,2017-10-10_11-40-09_72057594037934478_SkeleLog.csv
1,2017-10-10_11-40-48_72057594037934630_SkeleLog.csv
1,2017-10-10_11-40-57_72057594037934642_SkeleLog.csv
1,2017-10-10_11-41-05_72057594037934661_SkeleLog.csv
1,2017-10-10_11-40-52_72057594037934632_SkeleLog.csv
1,2017-10-10_11-41-10_72057594037934739_SkeleLog.csv
1,2017-10-10_11-41-12_72057594037934756_SkeleLog.csv
1,2017-10-10_11-41-11_72057594037934753_SkeleLog.csv
1,2017-10-10_11-41-18_72057594037934774_SkeleLog.csv
1,2017-10-10_11-41-21_72057594037934776_SkeleLog.csv
1,2017-10-10_11-41-37_72057594037935098_SkeleLog.csv
1,2017-10-10_11-41-40_72057594037935155_SkeleLog.csv
1,2017-10-10_11-41-41_72057594037935179_SkeleLog.csv
1,2017-10-10_11-41-45_72057594037935180_SkeleLog.csv
1,2017-10-10_11-41-53_72057594037935327_SkeleLog.csv
1,2017-10-10_11-41-52_72057594037935322_SkeleLog.csv
1,2017-10-10_11-41-56_72057594037935337_SkeleLog.csv
1,2017-10-10_11-42-07_72057594037935387_SkeleLog.csv
1,2017-10-10_11-42-26_72057594037935659_SkeleLog.csv
1,2017-10-10_11-42-29_72057594037935660_SkeleLog.csv
1,2017-10-10_11-42-35_72057594037935661_SkeleLog.csv
1,2017-10-10_11-42-19_72057594037935583_SkeleLog.csv
1,2017-10-10_11-42-36_72057594037935663_SkeleLog.csv
1,2017-10-10_11-42-50_72057594037935688_SkeleLog.csv
1,2017-10-10_11-42-58_72057594037935708_SkeleLog.csv
1,2017-10-10_11-43-24_72057594037935950_SkeleLog.csv
1,2017-10-10_11-43-13_72057594037935834_SkeleLog.csv
1,2017-10-10_11-42-13_72057594037935428_SkeleLog.csv
1,2017-10-10_11-43-56_72057594037936053_SkeleLog.csv
1,2017-10-10_11-44-17_72057594037936166_SkeleLog.csv
1,2017-10-10_11-45-02_72057594037936473_SkeleLog.csv
1,2017-10-10_11-45-24_72057594037936710_SkeleLog.csv
1,2017-10-10_11-45-47_72057594037936806_SkeleLog.csv
1,2017-10-10_11-45-06_72057594037936489_SkeleLog.csv
1,2017-10-10_11-45-24_72057594037936709_SkeleLog.csv
1,2017-10-10_11-46-18_72057594037936987_SkeleLog.csv
1,2017-10-10_11-46-48_72057594037937066_SkeleLog.csv
1,2017-10-10_11-47-17_72057594037937230_SkeleLog.csv
1,2017-10-10_11-47-24_72057594037937288_SkeleLog.csv
1,2017-10-10_11-47-32_72057594037937389_SkeleLog.csv
1,2017-10-10_11-47-33_72057594037937392_SkeleLog.csv
1,2017-10-10_11-47-56_72057594037937732_SkeleLog.csv
1,2017-10-10_11-47-50_72057594037937590_SkeleLog.csv
1,2017-10-10_11-48-10_72057594037937796_SkeleLog.csv
1,2017-10-10_11-48-15_72057594037937842_SkeleLog.csv
1,2017-10-10_11-48-33_72057594037938041_SkeleLog.csv
1,2017-10-10_11-48-41_72057594037938137_SkeleLog.csv
1,2017-10-10_11-48-45_72057594037938154_SkeleLog.csv
1,2017-10-10_11-48-48_72057594037938216_SkeleLog.csv
1,2017-10-10_11-48-56_72057594037938227_SkeleLog.csv
1,2017-10-10_11-49-00_72057594037938230_SkeleLog.csv
1,2017-10-10_11-48-48_72057594037938215_SkeleLog.csv
1,2017-10-10_11-49-11_72057594037938333_SkeleLog.csv
1,2017-10-10_11-49-09_72057594037938314_SkeleLog.csv
2,2017-10-10_11-37-10_SLINGSHOT_MinigameLog.csv
0,2017-10-10_11-37-10_InteractionEventLog.csv
1,2017-10-10_11-49-29_72057594037938521_SkeleLog.csv
1,2017-10-10_11-49-59_72057594037938787_SkeleLog.csv
1,2017-10-10_11-50-27_72057594037938822_SkeleLog.csv
1,2017-10-10_11-50-49_72057594037939034_SkeleLog.csv
1,2017-10-10_11-50-55_72057594037939105_SkeleLog.csv
1,2017-10-10_11-50-50_72057594037939037_SkeleLog.csv
1,2017-10-10_11-51-06_72057594037939133_SkeleLog.csv
1,2017-10-10_11-51-08_72057594037939148_SkeleLog.csv
1,2017-10-10_11-51-17_72057594037939208_SkeleLog.csv
1,2017-10-10_11-51-22_72057594037939252_SkeleLog.csv
1,2017-10-10_11-51-22_72057594037939251_SkeleLog.csv
1,2017-10-10_11-51-41_72057594037939509_SkeleLog.csv
1,2017-10-10_11-51-41_72057594037939501_SkeleLog.csv
1,2017-10-10_11-51-48_72057594037939596_SkeleLog.csv
1,2017-10-10_11-51-51_72057594037939623_SkeleLog.csv
2,2017-10-10_11-50-22_SLINGSHOT_MinigameLog.csv
0,2017-10-10_11-50-22_InteractionEventLog.csv
1,2017-10-10_11-53-10_72057594037939858_SkeleLog.csv
1,2017-10-10_11-53-36_72057594037939990_SkeleLog.csv
1,2017-10-10_11-54-08_72057594037940504_SkeleLog.csv
1,2017-10-10_11-54-17_72057594037940621_SkeleLog.csv
1,2017-10-10_11-54-14_72057594037940604_SkeleLog.csv
1,2017-10-10_11-54-30_72057594037940652_SkeleLog.csv
1,2017-10-10_11-54-38_72057594037940666_SkeleLog.csv
1,2017-10-10_11-54-46_72057594037940759_SkeleLog.csv
1,2017-10-10_11-54-52_72057594037940859_SkeleLog.csv
1,2017-10-10_11-54-59_72057594037940898_SkeleLog.csv
1,2017-10-10_11-55-08_72057594037940904_SkeleLog.csv
1,2017-10-10_11-55-08_72057594037940903_SkeleLog.csv
1,2017-10-10_11-55-16_72057594037940946_SkeleLog.csv
1,2017-10-10_11-55-20_72057594037940955_SkeleLog.csv
1,2017-10-10_11-55-20_72057594037940954_SkeleLog.csv
1,2017-10-10_11-55-35_72057594037941027_SkeleLog.csv
1,2017-10-10_11-55-43_72057594037941125_SkeleLog.csv
2,2017-10-10_11-54-25_SLINGSHOT_MinigameLog.csv
0,2017-10-10_11-54-25_InteractionEventLog.csv
1,2017-10-10_11-56-18_72057594037941452_SkeleLog.csv
1,2017-10-10_11-56-36_72057594037941587_SkeleLog.csv
1,2017-10-10_11-56-44_72057594037941622_SkeleLog.csv
1,2017-10-10_11-56-54_72057594037941659_SkeleLog.csv
1,2017-10-10_11-56-46_72057594037941644_SkeleLog.csv
1,2017-10-10_11-57-04_72057594037941688_SkeleLog.csv
1,2017-10-10_11-56-58_72057594037941687_SkeleLog.csv
1,2017-10-10_11-57-10_72057594037941700_SkeleLog.csv
1,2017-10-10_11-57-06_72057594037941689_SkeleLog.csv
1,2017-10-10_11-57-13_72057594037941717_SkeleLog.csv
1,2017-10-10_11-57-18_72057594037941738_SkeleLog.csv
1,2017-10-10_11-57-17_72057594037941723_SkeleLog.csv
1,2017-10-10_11-57-31_72057594037941877_SkeleLog.csv
1,2017-10-10_11-57-22_72057594037941775_SkeleLog.csv
1,2017-10-10_11-57-33_72057594037941902_SkeleLog.csv
1,2017-10-10_11-57-36_72057594037941931_SkeleLog.csv
1,2017-10-10_11-57-57_72057594037942039_SkeleLog.csv
1,2017-10-10_11-58-12_72057594037942053_SkeleLog.csv
1,2017-10-10_11-58-19_72057594037942122_SkeleLog.csv
1,2017-10-10_11-58-16_72057594037942116_SkeleLog.csv
1,2017-10-10_11-58-35_72057594037942222_SkeleLog.csv
2,2017-10-10_11-56-29_SLINGSHOT_MinigameLog.csv
0,2017-10-10_11-56-29_InteractionEventLog.csv
1,2017-10-10_12-00-35_72057594037942381_SkeleLog.csv
1,2017-10-10_12-00-08_72057594037942283_SkeleLog.csv
1,2017-10-10_12-00-47_72057594037942444_SkeleLog.csv
1,2017-10-10_12-00-39_72057594037942395_SkeleLog.csv
2,2017-10-10_11-59-49_LEVERHERO_MinigameLog.csv
0,2017-10-10_11-59-49_InteractionEventLog.csv
1,2017-10-10_12-02-46_72057594037942600_SkeleLog.csv
1,2017-10-10_12-03-04_72057594037942657_SkeleLog.csv
1,2017-10-10_12-03-18_72057594037942790_SkeleLog.csv
1,2017-10-10_12-03-24_72057594037942886_SkeleLog.csv
1,2017-10-10_12-03-27_72057594037942889_SkeleLog.csv
1,2017-10-10_12-03-43_72057594037943008_SkeleLog.csv
1,2017-10-10_12-04-05_72057594037943051_SkeleLog.csv
1,2017-10-10_12-03-15_72057594037942789_SkeleLog.csv
1,2017-10-10_12-04-14_72057594037943108_SkeleLog.csv
1,2017-10-10_12-04-09_72057594037943053_SkeleLog.csv
1,2017-10-10_12-04-40_72057594037943127_SkeleLog.csv
1,2017-10-10_12-05-03_72057594037943134_SkeleLog.csv
2,2017-10-10_12-03-14_LEVERHERO_MinigameLog.csv
0,2017-10-10_12-03-14_InteractionEventLog.csv
1,2017-10-10_12-10-17_72057594037943352_SkeleLog.csv
0,2017-10-10_12-10-00_InteractionEventLog.csv
1,2017-10-10_12-10-47_72057594037943552_SkeleLog.csv
1,2017-10-10_12-15-06_72057594037943937_SkeleLog.csv
1,2017-10-10_12-12-51_72057594037943838_SkeleLog.csv
2,2017-10-10_12-12-06_LEVERHERO_MinigameLog.csv
0,2017-10-10_12-12-06_InteractionEventLog.csv
1,2017-10-10_12-16-49_72057594037944893_SkeleLog.csv
1,2017-10-10_12-16-51_72057594037944895_SkeleLog.csv
1,2017-10-10_12-16-55_72057594037944945_SkeleLog.csv
1,2017-10-10_12-17-41_72057594037945375_SkeleLog.csv
1,2017-10-10_12-18-00_72057594037945411_SkeleLog.csv
1,2017-10-10_12-16-59_72057594037945049_SkeleLog.csv
1,2017-10-10_12-17-19_72057594037945295_SkeleLog.csv
1,2017-10-10_12-18-27_72057594037945458_SkeleLog.csv
1,2017-10-10_12-19-03_72057594037945481_SkeleLog.csv
1,2017-10-10_12-19-23_72057594037945517_SkeleLog.csv
1,2017-10-10_12-20-24_72057594037945538_SkeleLog.csv
1,2017-10-10_12-20-38_72057594037945567_SkeleLog.csv
1,2017-10-10_12-20-47_72057594037945607_SkeleLog.csv
2,2017-10-10_12-16-29_LEVERHERO_MinigameLog.csv
0,2017-10-10_12-16-29_InteractionEventLog.csv
1,2017-10-10_12-22-35_72057594037945735_SkeleLog.csv
1,2017-10-10_12-22-01_72057594037945648_SkeleLog.csv
2,2017-10-10_12-21-42_SLINGSHOT_MinigameLog.csv
0,2017-10-10_12-21-42_InteractionEventLog.csv
1,2017-10-10_12-24-23_72057594037945898_SkeleLog.csv
1,2017-10-10_12-25-16_72057594037946136_SkeleLog.csv
1,2017-10-10_12-25-54_72057594037946267_SkeleLog.csv
2,2017-10-10_12-24-41_SLINGSHOT_MinigameLog.csv
0,2017-10-10_12-24-41_InteractionEventLog.csv
1,2017-10-10_12-26-39_72057594037946596_SkeleLog.csv
1,2017-10-10_12-26-36_72057594037946590_SkeleLog.csv
1,2017-10-10_12-28-13_72057594037946636_SkeleLog.csv
1,2017-10-10_12-28-12_72057594037946631_SkeleLog.csv
1,2017-10-10_12-28-56_72057594037946858_SkeleLog.csv
1,2017-10-10_12-28-52_72057594037946845_SkeleLog.csv
1,2017-10-10_12-28-58_72057594037946861_SkeleLog.csv
1,2017-10-10_12-29-35_72057594037946985_SkeleLog.csv
1,2017-10-10_12-29-44_72057594037947007_SkeleLog.csv
1,2017-10-10_12-29-55_72057594037947045_SkeleLog.csv
1,2017-10-10_12-30-39_72057594037947271_SkeleLog.csv
1,2017-10-10_12-30-55_72057594037947345_SkeleLog.csv
1,2017-10-10_12-30-30_72057594037947270_SkeleLog.csv
1,2017-10-10_12-31-28_72057594037947387_SkeleLog.csv
1,2017-10-10_12-31-02_72057594037947383_SkeleLog.csv
1,2017-10-10_12-32-06_72057594037947415_SkeleLog.csv
1,2017-10-10_12-32-32_72057594037947466_SkeleLog.csv
1,2017-10-10_12-32-22_72057594037947443_SkeleLog.csv
1,2017-10-10_12-32-47_72057594037947604_SkeleLog.csv
1,2017-10-10_12-33-09_72057594037947748_SkeleLog.csv
1,2017-10-10_12-33-12_72057594037947749_SkeleLog.csv
1,2017-10-10_12-33-15_72057594037947761_SkeleLog.csv
1,2017-10-10_12-32-47_72057594037947614_SkeleLog.csv
1,2017-10-10_12-33-26_72057594037947792_SkeleLog.csv
1,2017-10-10_12-33-29_72057594037947825_SkeleLog.csv
1,2017-10-10_12-33-36_72057594037947826_SkeleLog.csv
1,2017-10-10_12-35-09_72057594037947979_SkeleLog.csv
1,2017-10-10_12-36-15_72057594037947980_SkeleLog.csv
1,2017-10-10_12-36-17_72057594037947984_SkeleLog.csv
1,2017-10-10_12-36-22_72057594037948002_SkeleLog.csv
1,2017-10-10_12-36-24_72057594037948013_SkeleLog.csv
1,2017-10-10_12-37-01_72057594037948064_SkeleLog.csv
2,2017-10-10_12-26-36_SLINGSHOT_MinigameLog.csv
1,2017-10-10_12-37-49_72057594037948171_SkeleLog.csv
0,2017-10-10_12-26-36_InteractionEventLog.csv
1,2017-10-10_12-38-24_72057594037948322_SkeleLog.csv
1,2017-10-10_12-39-33_72057594037948402_SkeleLog.csv
1,2017-10-10_12-38-51_72057594037948379_SkeleLog.csv
1,2017-10-10_12-41-08_72057594037948662_SkeleLog.csv
2,2017-10-10_12-38-27_SLINGSHOT_MinigameLog.csv
0,2017-10-10_12-38-27_InteractionEventLog.csv
1,2017-10-10_12-41-43_72057594037948763_SkeleLog.csv
2,2017-10-10_12-42-00_SLINGSHOT_MinigameLog.csv
0,2017-10-10_12-42-00_InteractionEventLog.csv
1,2017-10-10_12-43-48_72057594037948819_SkeleLog.csv
2,2017-10-10_12-43-12_LEVERHERO_MinigameLog.csv
0,2017-10-10_12-43-12_InteractionEventLog.csv
1,2017-10-10_12-46-35_72057594037949012_SkeleLog.csv
1,2017-10-10_12-46-40_72057594037949036_SkeleLog.csv
1,2017-10-10_12-46-13_72057594037948997_SkeleLog.csv
1,2017-10-10_12-47-06_72057594037949078_SkeleLog.csv
1,2017-10-10_12-47-01_72057594037949074_SkeleLog.csv
1,2017-10-10_12-47-15_72057594037949079_SkeleLog.csv
1,2017-10-10_12-47-19_72057594037949080_SkeleLog.csv
1,2017-10-10_12-49-31_72057594037949260_SkeleLog.csv
1,2017-10-10_12-48-48_72057594037949129_SkeleLog.csv
2,2017-10-10_12-46-09_SLINGSHOT_MinigameLog.csv
0,2017-10-10_12-46-09_InteractionEventLog.csv
0,2017-10-10_12-51-01_InteractionEventLog.csv
1,2017-10-10_12-54-45_72057594037949719_SkeleLog.csv
1,2017-10-10_13-04-15_72057594037949763_SkeleLog.csv
1,2017-10-10_13-04-15_72057594037949768_SkeleLog.csv
1,2017-10-10_13-04-35_72057594037949786_SkeleLog.csv
1,2017-10-10_13-04-42_72057594037949813_SkeleLog.csv
1,2017-10-10_13-04-58_72057594037949843_SkeleLog.csv
2,2017-10-10_13-04-12_LEVERHERO_MinigameLog.csv
0,2017-10-10_13-04-12_InteractionEventLog.csv
0,2017-10-10_13-20-10_InteractionEventLog.csv
1,2017-10-10_13-21-44_72057594037950069_SkeleLog.csv
1,2017-10-10_13-21-46_72057594037950070_SkeleLog.csv
1,2017-10-10_13-21-49_72057594037950106_SkeleLog.csv
1,2017-10-10_13-21-55_72057594037950146_SkeleLog.csv
1,2017-10-10_13-21-55_72057594037950143_SkeleLog.csv
1,2017-10-10_13-24-10_72057594037950948_SkeleLog.csv
1,2017-10-10_13-22-57_72057594037950635_SkeleLog.csv
1,2017-10-10_13-24-18_72057594037950997_SkeleLog.csv
1,2017-10-10_13-24-18_72057594037950998_SkeleLog.csv
1,2017-10-10_13-24-22_72057594037951022_SkeleLog.csv
1,2017-10-10_13-24-21_72057594037951013_SkeleLog.csv
1,2017-10-10_13-25-07_72057594037951413_SkeleLog.csv
2,2017-10-10_13-21-15_LEVERHERO_MinigameLog.csv
0,2017-10-10_13-21-15_InteractionEventLog.csv
1,2017-10-10_13-27-18_72057594037951518_SkeleLog.csv
1,2017-10-10_13-27-26_72057594037951542_SkeleLog.csv
1,2017-10-10_13-27-42_72057594037951665_SkeleLog.csv
1,2017-10-10_13-27-40_72057594037951643_SkeleLog.csv
1,2017-10-10_13-27-49_72057594037951713_SkeleLog.csv
1,2017-10-10_13-27-54_72057594037951796_SkeleLog.csv
1,2017-10-10_13-27-56_72057594037951845_SkeleLog.csv
2,2017-10-10_13-27-10_LEVERHERO_MinigameLog.csv
0,2017-10-10_13-27-10_InteractionEventLog.csv
1,2017-10-10_13-29-26_72057594037952439_SkeleLog.csv
1,2017-10-10_13-29-35_72057594037952536_SkeleLog.csv
1,2017-10-10_13-30-20_72057594037952602_SkeleLog.csv
1,2017-10-10_13-30-26_72057594037952604_SkeleLog.csv
1,2017-10-10_13-31-07_72057594037953179_SkeleLog.csv
1,2017-10-10_13-31-56_72057594037953476_SkeleLog.csv
1,2017-10-10_13-31-25_72057594037953404_SkeleLog.csv
1,2017-10-10_13-32-39_72057594037953655_SkeleLog.csv
1,2017-10-10_13-34-06_72057594037954520_SkeleLog.csv
1,2017-10-10_13-34-08_72057594037954553_SkeleLog.csv
1,2017-10-10_13-34-34_72057594037954685_SkeleLog.csv
2,2017-10-10_13-29-28_LEVERHERO_MinigameLog.csv
0,2017-10-10_13-29-28_InteractionEventLog.csv
1,2017-10-10_13-36-39_72057594037954850_SkeleLog.csv
2,2017-10-10_13-36-18_LEVERHERO_MinigameLog.csv
0,2017-10-10_13-36-18_InteractionEventLog.csv
1,2017-10-10_13-38-11_72057594037954979_SkeleLog.csv
1,2017-10-10_13-40-51_72057594037956347_SkeleLog.csv
1,2017-10-10_13-39-52_72057594037956124_SkeleLog.csv
1,2017-10-10_13-41-15_72057594037956419_SkeleLog.csv
1,2017-10-10_13-41-33_72057594037956576_SkeleLog.csv
1,2017-10-10_13-41-38_72057594037956657_SkeleLog.csv
1,2017-10-10_13-42-04_72057594037956717_SkeleLog.csv
1,2017-10-10_13-41-39_72057594037956695_SkeleLog.csv
2,2017-10-10_13-39-45_LEVERHERO_MinigameLog.csv
0,2017-10-10_13-39-45_InteractionEventLog.csv
1,2017-10-10_13-42-25_72057594037956824_SkeleLog.csv
1,2017-10-10_13-43-48_72057594037957001_SkeleLog.csv
1,2017-10-10_13-43-56_72057594037957019_SkeleLog.csv
2,2017-10-10_13-43-22_SLINGSHOT_MinigameLog.csv
0,2017-10-10_13-43-22_InteractionEventLog.csv
1,2017-10-10_13-44-54_72057594037957099_SkeleLog.csv
1,2017-10-10_13-45-58_72057594037957186_SkeleLog.csv
1,2017-10-10_13-46-06_72057594037957321_SkeleLog.csv
1,2017-10-10_13-46-21_72057594037957412_SkeleLog.csv
2,2017-10-10_13-44-27_SLINGSHOT_MinigameLog.csv
0,2017-10-10_13-44-27_InteractionEventLog.csv
1,2017-10-10_13-47-10_72057594037957534_SkeleLog.csv
1,2017-10-10_13-47-27_72057594037957539_SkeleLog.csv
1,2017-10-10_13-48-05_72057594037957768_SkeleLog.csv
1,2017-10-10_13-48-30_72057594037957771_SkeleLog.csv
1,2017-10-10_13-47-57_72057594037957701_SkeleLog.csv
1,2017-10-10_13-49-11_72057594037957798_SkeleLog.csv
1,2017-10-10_13-49-40_72057594037957826_SkeleLog.csv
2,2017-10-10_13-47-19_SLINGSHOT_MinigameLog.csv
0,2017-10-10_13-47-19_InteractionEventLog.csv
1,2017-10-10_13-51-26_72057594037958010_SkeleLog.csv
1,2017-10-10_13-52-01_72057594037958233_SkeleLog.csv
1,2017-10-10_13-52-09_72057594037958263_SkeleLog.csv
1,2017-10-10_13-52-17_72057594037958370_SkeleLog.csv
1,2017-10-10_13-52-28_72057594037958404_SkeleLog.csv
1,2017-10-10_13-52-49_72057594037958536_SkeleLog.csv
1,2017-10-10_13-52-56_72057594037958709_SkeleLog.csv
1,2017-10-10_13-52-57_72057594037958718_SkeleLog.csv
1,2017-10-10_13-53-11_72057594037958972_SkeleLog.csv
2,2017-10-10_13-51-51_LEVERHERO_MinigameLog.csv
0,2017-10-10_13-51-51_InteractionEventLog.csv
1,2017-10-10_13-54-18_72057594037959745_SkeleLog.csv
1,2017-10-10_13-54-43_72057594037959841_SkeleLog.csv
1,2017-10-10_13-54-30_72057594037959782_SkeleLog.csv
1,2017-10-10_13-55-23_72057594037959996_SkeleLog.csv
2,2017-10-10_13-54-16_LEVERHERO_MinigameLog.csv
0,2017-10-10_13-54-16_InteractionEventLog.csv
1,2017-10-10_13-55-42_72057594037960213_SkeleLog.csv
1,2017-10-10_13-56-39_72057594037960228_SkeleLog.csv
2,2017-10-10_13-55-56_SLINGSHOT_MinigameLog.csv
0,2017-10-10_13-55-56_InteractionEventLog.csv
1,2017-10-10_13-57-44_72057594037960417_SkeleLog.csv
1,2017-10-10_13-57-50_72057594037960461_SkeleLog.csv
1,2017-10-10_13-57-52_72057594037960521_SkeleLog.csv
1,2017-10-10_13-57-55_72057594037960534_SkeleLog.csv
1,2017-10-10_13-58-10_72057594037960606_SkeleLog.csv
1,2017-10-10_13-58-36_72057594037960761_SkeleLog.csv
1,2017-10-10_13-58-25_72057594037960670_SkeleLog.csv
1,2017-10-10_13-59-07_72057594037961159_SkeleLog.csv
1,2017-10-10_14-00-07_72057594037961394_SkeleLog.csv
1,2017-10-10_14-00-20_72057594037961501_SkeleLog.csv
1,2017-10-10_14-01-04_72057594037961520_SkeleLog.csv
1,2017-10-10_14-01-22_72057594037961554_SkeleLog.csv
1,2017-10-10_14-02-07_72057594037961804_SkeleLog.csv
1,2017-10-10_14-04-12_72057594037962004_SkeleLog.csv
1,2017-10-10_13-58-41_72057594037960817_SkeleLog.csv
1,2017-10-10_14-04-27_72057594037962123_SkeleLog.csv
1,2017-10-10_14-04-45_72057594037962263_SkeleLog.csv
1,2017-10-10_14-04-30_72057594037962156_SkeleLog.csv
1,2017-10-10_14-05-11_72057594037962319_SkeleLog.csv
1,2017-10-10_14-05-27_72057594037962338_SkeleLog.csv
1,2017-10-10_14-05-28_72057594037962339_SkeleLog.csv
1,2017-10-10_14-05-36_72057594037962403_SkeleLog.csv
1,2017-10-10_14-05-39_72057594037962411_SkeleLog.csv
1,2017-10-10_14-05-46_72057594037962413_SkeleLog.csv
1,2017-10-10_14-05-47_72057594037962426_SkeleLog.csv
1,2017-10-10_14-05-56_72057594037962444_SkeleLog.csv
1,2017-10-10_14-05-59_72057594037962501_SkeleLog.csv
1,2017-10-10_14-06-15_72057594037962826_SkeleLog.csv
1,2017-10-10_14-06-32_72057594037962978_SkeleLog.csv
1,2017-10-10_14-06-46_72057594037963099_SkeleLog.csv
1,2017-10-10_14-06-53_72057594037963183_SkeleLog.csv
1,2017-10-10_14-06-42_72057594037963043_SkeleLog.csv
1,2017-10-10_14-07-49_72057594037963353_SkeleLog.csv
1,2017-10-10_14-08-01_72057594037963414_SkeleLog.csv
1,2017-10-10_14-07-58_72057594037963392_SkeleLog.csv
1,2017-10-10_14-08-00_72057594037963398_SkeleLog.csv
1,2017-10-10_14-08-12_72057594037963568_SkeleLog.csv
1,2017-10-10_14-08-26_72057594037963586_SkeleLog.csv
1,2017-10-10_14-08-42_72057594037963692_SkeleLog.csv
1,2017-10-10_14-09-26_72057594037963990_SkeleLog.csv
1,2017-10-10_14-09-41_72057594037964227_SkeleLog.csv
2,2017-10-10_13-57-49_LEVERHERO_MinigameLog.csv
0,2017-10-10_13-57-49_InteractionEventLog.csv
1,2017-10-10_14-09-56_72057594037964244_SkeleLog.csv
1,2017-10-10_14-10-14_72057594037964510_SkeleLog.csv
1,2017-10-10_14-10-17_72057594037964601_SkeleLog.csv
1,2017-10-10_14-10-26_72057594037964719_SkeleLog.csv
1,2017-10-10_14-10-46_72057594037964883_SkeleLog.csv
1,2017-10-10_14-10-47_72057594037964890_SkeleLog.csv
1,2017-10-10_14-11-06_72057594037965141_SkeleLog.csv
1,2017-10-10_14-11-25_72057594037965267_SkeleLog.csv
1,2017-10-10_14-11-32_72057594037965308_SkeleLog.csv
1,2017-10-10_14-11-22_72057594037965265_SkeleLog.csv
1,2017-10-10_14-11-56_72057594037965508_SkeleLog.csv
1,2017-10-10_14-11-54_72057594037965473_SkeleLog.csv
1,2017-10-10_14-11-58_72057594037965552_SkeleLog.csv
1,2017-10-10_14-12-08_72057594037965682_SkeleLog.csv
1,2017-10-10_14-12-31_72057594037965791_SkeleLog.csv
1,2017-10-10_14-12-29_72057594037965760_SkeleLog.csv
1,2017-10-10_14-12-48_72057594037966115_SkeleLog.csv
1,2017-10-10_14-13-13_72057594037966301_SkeleLog.csv
1,2017-10-10_14-13-11_72057594037966268_SkeleLog.csv
1,2017-10-10_14-13-30_72057594037966387_SkeleLog.csv
1,2017-10-10_14-13-32_72057594037966418_SkeleLog.csv
1,2017-10-10_14-13-29_72057594037966385_SkeleLog.csv
1,2017-10-10_14-13-07_72057594037966232_SkeleLog.csv
1,2017-10-10_14-13-33_72057594037966419_SkeleLog.csv
1,2017-10-10_14-13-43_72057594037966587_SkeleLog.csv
1,2017-10-10_14-13-42_72057594037966583_SkeleLog.csv
1,2017-10-10_14-13-45_72057594037966635_SkeleLog.csv
1,2017-10-10_14-13-45_72057594037966630_SkeleLog.csv
1,2017-10-10_14-13-56_72057594037966730_SkeleLog.csv
1,2017-10-10_14-13-51_72057594037966678_SkeleLog.csv
1,2017-10-10_14-13-58_72057594037966745_SkeleLog.csv
1,2017-10-10_14-13-58_72057594037966748_SkeleLog.csv
1,2017-10-10_14-14-50_72057594037967349_SkeleLog.csv
1,2017-10-10_14-15-13_72057594037967564_SkeleLog.csv
1,2017-10-10_14-15-14_72057594037967571_SkeleLog.csv
1,2017-10-10_14-15-17_72057594037967605_SkeleLog.csv
1,2017-10-10_14-15-14_72057594037967572_SkeleLog.csv
1,2017-10-10_14-15-49_72057594037967875_SkeleLog.csv
1,2017-10-10_14-16-19_72057594037968155_SkeleLog.csv
1,2017-10-10_14-16-23_72057594037968219_SkeleLog.csv
1,2017-10-10_14-16-24_72057594037968241_SkeleLog.csv
1,2017-10-10_14-16-24_72057594037968242_SkeleLog.csv
1,2017-10-10_14-16-26_72057594037968284_SkeleLog.csv
1,2017-10-10_14-16-44_72057594037968582_SkeleLog.csv
1,2017-10-10_14-16-46_72057594037968619_SkeleLog.csv
1,2017-10-10_14-16-33_72057594037968354_SkeleLog.csv
1,2017-10-10_14-16-47_72057594037968636_SkeleLog.csv
1,2017-10-10_14-16-54_72057594037968691_SkeleLog.csv
1,2017-10-10_14-16-57_72057594037968761_SkeleLog.csv
1,2017-10-10_14-17-00_72057594037968789_SkeleLog.csv
1,2017-10-10_14-17-10_72057594037968844_SkeleLog.csv
1,2017-10-10_14-17-22_72057594037969007_SkeleLog.csv
1,2017-10-10_14-17-25_72057594037969029_SkeleLog.csv
1,2017-10-10_14-17-15_72057594037968887_SkeleLog.csv
1,2017-10-10_14-17-30_72057594037969067_SkeleLog.csv
1,2017-10-10_14-17-31_72057594037969096_SkeleLog.csv
1,2017-10-10_14-17-37_72057594037969157_SkeleLog.csv
1,2017-10-10_14-17-42_72057594037969182_SkeleLog.csv
1,2017-10-10_14-17-45_72057594037969241_SkeleLog.csv
1,2017-10-10_14-17-48_72057594037969298_SkeleLog.csv
1,2017-10-10_14-17-50_72057594037969333_SkeleLog.csv
1,2017-10-10_14-17-51_72057594037969334_SkeleLog.csv
1,2017-10-10_14-18-07_72057594037969571_SkeleLog.csv
1,2017-10-10_14-18-13_72057594037969693_SkeleLog.csv
1,2017-10-10_14-18-14_72057594037969726_SkeleLog.csv
1,2017-10-10_14-18-13_72057594037969713_SkeleLog.csv
1,2017-10-10_14-18-16_72057594037969764_SkeleLog.csv
1,2017-10-10_14-18-24_72057594037969917_SkeleLog.csv
1,2017-10-10_14-18-23_72057594037969902_SkeleLog.csv
1,2017-10-10_14-18-29_72057594037969956_SkeleLog.csv
1,2017-10-10_14-18-26_72057594037969925_SkeleLog.csv
1,2017-10-10_14-18-33_72057594037970016_SkeleLog.csv
1,2017-10-10_14-18-31_72057594037969966_SkeleLog.csv
1,2017-10-10_14-18-35_72057594037970065_SkeleLog.csv
1,2017-10-10_14-18-34_72057594037970031_SkeleLog.csv
1,2017-10-10_14-18-42_72057594037970095_SkeleLog.csv
1,2017-10-10_14-18-37_72057594037970090_SkeleLog.csv
2,2017-10-10_14-09-50_LEVERHERO_MinigameLog.csv
0,2017-10-10_14-09-50_InteractionEventLog.csv
1,2017-10-10_14-20-29_72057594037970396_SkeleLog.csv
1,2017-10-10_14-20-34_72057594037970430_SkeleLog.csv
1,2017-10-10_14-21-06_72057594037970966_SkeleLog.csv
1,2017-10-10_14-22-03_72057594037971536_SkeleLog.csv
1,2017-10-10_14-21-53_72057594037971525_SkeleLog.csv
1,2017-10-10_14-21-52_72057594037971517_SkeleLog.csv
1,2017-10-10_14-22-09_72057594037971549_SkeleLog.csv
1,2017-10-10_14-22-16_72057594037971747_SkeleLog.csv
1,2017-10-10_14-22-16_72057594037971748_SkeleLog.csv
1,2017-10-10_14-22-27_72057594037971835_SkeleLog.csv
1,2017-10-10_14-22-24_72057594037971820_SkeleLog.csv
1,2017-10-10_14-22-29_72057594037971874_SkeleLog.csv
1,2017-10-10_14-22-29_72057594037971882_SkeleLog.csv
1,2017-10-10_14-22-30_72057594037971904_SkeleLog.csv
1,2017-10-10_14-22-35_72057594037971962_SkeleLog.csv
1,2017-10-10_14-22-52_72057594037972187_SkeleLog.csv
1,2017-10-10_14-22-44_72057594037972030_SkeleLog.csv
1,2017-10-10_14-22-44_72057594037972029_SkeleLog.csv
1,2017-10-10_14-22-53_72057594037972203_SkeleLog.csv
1,2017-10-10_14-22-56_72057594037972222_SkeleLog.csv
1,2017-10-10_14-23-00_72057594037972307_SkeleLog.csv
1,2017-10-10_14-23-12_72057594037972629_SkeleLog.csv
1,2017-10-10_14-23-14_72057594037972683_SkeleLog.csv
1,2017-10-10_14-23-28_72057594037972929_SkeleLog.csv
1,2017-10-10_14-23-34_72057594037973017_SkeleLog.csv
1,2017-10-10_14-23-27_72057594037972892_SkeleLog.csv
1,2017-10-10_14-23-43_72057594037973178_SkeleLog.csv
1,2017-10-10_14-23-41_72057594037973138_SkeleLog.csv
1,2017-10-10_14-23-48_72057594037973245_SkeleLog.csv
1,2017-10-10_14-24-04_72057594037973605_SkeleLog.csv
1,2017-10-10_14-24-00_72057594037973503_SkeleLog.csv
1,2017-10-10_14-25-35_72057594037974346_SkeleLog.csv
1,2017-10-10_14-24-09_72057594037973688_SkeleLog.csv
2,2017-10-10_14-21-04_LEVERHERO_MinigameLog.csv
0,2017-10-10_14-21-04_InteractionEventLog.csv
1,2017-10-10_14-27-57_72057594037975136_SkeleLog.csv
1,2017-10-10_14-27-56_72057594037975124_SkeleLog.csv
1,2017-10-10_14-28-07_72057594037975237_SkeleLog.csv
1,2017-10-10_14-28-22_72057594037975354_SkeleLog.csv
1,2017-10-10_14-28-22_72057594037975355_SkeleLog.csv
1,2017-10-10_14-28-35_72057594037975439_SkeleLog.csv
1,2017-10-10_14-28-47_72057594037975462_SkeleLog.csv
1,2017-10-10_14-29-17_72057594037975559_SkeleLog.csv
2,2017-10-10_14-27-31_LEVERHERO_MinigameLog.csv
0,2017-10-10_14-27-31_InteractionEventLog.csv
1,2017-10-10_14-30-04_72057594037976019_SkeleLog.csv
1,2017-10-10_14-30-32_72057594037976063_SkeleLog.csv
1,2017-10-10_14-30-59_72057594037976178_SkeleLog.csv
1,2017-10-10_14-31-20_72057594037976308_SkeleLog.csv
1,2017-10-10_14-32-37_72057594037976492_SkeleLog.csv
1,2017-10-10_14-33-06_72057594037976688_SkeleLog.csv
1,2017-10-10_14-33-26_72057594037976790_SkeleLog.csv
2,2017-10-10_14-30-31_LEVERHERO_MinigameLog.csv
0,2017-10-10_14-30-31_InteractionEventLog.csv
1,2017-10-10_14-33-33_72057594037976824_SkeleLog.csv
1,2017-10-10_14-33-52_72057594037976979_SkeleLog.csv
1,2017-10-10_14-34-21_72057594037977235_SkeleLog.csv
1,2017-10-10_14-34-30_72057594037977336_SkeleLog.csv
1,2017-10-10_14-35-30_72057594037977539_SkeleLog.csv
2,2017-10-10_14-33-40_SLINGSHOT_MinigameLog.csv
0,2017-10-10_14-33-40_InteractionEventLog.csv
1,2017-10-10_14-35-29_72057594037977537_SkeleLog.csv
1,2017-10-10_14-36-17_72057594037977894_SkeleLog.csv
1,2017-10-10_14-36-23_72057594037977924_SkeleLog.csv
1,2017-10-10_14-36-27_72057594037977970_SkeleLog.csv
1,2017-10-10_14-36-44_72057594037978104_SkeleLog.csv
2,2017-10-10_14-35-46_LEVERHERO_MinigameLog.csv
0,2017-10-10_14-35-46_InteractionEventLog.csv
1,2017-10-10_14-38-55_72057594037978839_SkeleLog.csv
1,2017-10-10_14-39-11_72057594037978930_SkeleLog.csv
1,2017-10-10_14-39-10_72057594037978928_SkeleLog.csv
1,2017-10-10_14-40-29_72057594037979410_SkeleLog.csv
1,2017-10-10_14-39-47_72057594037979224_SkeleLog.csv
1,2017-10-10_14-42-44_72057594037979844_SkeleLog.csv
1,2017-10-10_14-43-05_72057594037979876_SkeleLog.csv
1,2017-10-10_14-42-54_72057594037979845_SkeleLog.csv
1,2017-10-10_14-43-28_72057594037979974_SkeleLog.csv
1,2017-10-10_14-43-22_72057594037979973_SkeleLog.csv
1,2017-10-10_14-43-31_72057594037979976_SkeleLog.csv
1,2017-10-10_14-43-30_72057594037979975_SkeleLog.csv
1,2017-10-10_14-43-41_72057594037979981_SkeleLog.csv
1,2017-10-10_14-43-12_72057594037979928_SkeleLog.csv
1,2017-10-10_14-43-48_72057594037980042_SkeleLog.csv
1,2017-10-10_14-43-53_72057594037980084_SkeleLog.csv
1,2017-10-10_14-43-53_72057594037980083_SkeleLog.csv
1,2017-10-10_14-44-04_72057594037980124_SkeleLog.csv
1,2017-10-10_14-44-09_72057594037980177_SkeleLog.csv
1,2017-10-10_14-44-14_72057594037980234_SkeleLog.csv
1,2017-10-10_14-44-34_72057594037980493_SkeleLog.csv
1,2017-10-10_14-44-38_72057594037980536_SkeleLog.csv
2,2017-10-10_14-41-37_LEVERHERO_MinigameLog.csv
0,2017-10-10_14-41-37_InteractionEventLog.csv
1,2017-10-10_14-44-54_72057594037980740_SkeleLog.csv
1,2017-10-10_14-45-34_72057594037981467_SkeleLog.csv
1,2017-10-10_14-45-36_72057594037981492_SkeleLog.csv
1,2017-10-10_14-45-34_72057594037981468_SkeleLog.csv
1,2017-10-10_14-45-38_72057594037981510_SkeleLog.csv
1,2017-10-10_14-45-38_72057594037981519_SkeleLog.csv
1,2017-10-10_14-45-45_72057594037981553_SkeleLog.csv
1,2017-10-10_14-45-49_72057594037981634_SkeleLog.csv
1,2017-10-10_14-45-46_72057594037981584_SkeleLog.csv
1,2017-10-10_14-45-56_72057594037981695_SkeleLog.csv
1,2017-10-10_14-45-54_72057594037981669_SkeleLog.csv
1,2017-10-10_14-45-54_72057594037981671_SkeleLog.csv
1,2017-10-10_14-46-42_72057594037981843_SkeleLog.csv
1,2017-10-10_14-46-42_72057594037981842_SkeleLog.csv
1,2017-10-10_14-47-26_72057594037981896_SkeleLog.csv
1,2017-10-10_14-48-11_72057594037982072_SkeleLog.csv
1,2017-10-10_14-47-11_72057594037981855_SkeleLog.csv
1,2017-10-10_14-48-14_72057594037982109_SkeleLog.csv
1,2017-10-10_14-48-13_72057594037982105_SkeleLog.csv
1,2017-10-10_14-48-20_72057594037982174_SkeleLog.csv
1,2017-10-10_14-48-38_72057594037982432_SkeleLog.csv
1,2017-10-10_14-48-32_72057594037982341_SkeleLog.csv
1,2017-10-10_14-49-11_72057594037982493_SkeleLog.csv
1,2017-10-10_14-49-28_72057594037982519_SkeleLog.csv
1,2017-10-10_14-49-30_72057594037982520_SkeleLog.csv
1,2017-10-10_14-48-38_72057594037982431_SkeleLog.csv
1,2017-10-10_14-49-41_72057594037982523_SkeleLog.csv
1,2017-10-10_14-49-47_72057594037982524_SkeleLog.csv
1,2017-10-10_14-50-23_72057594037982677_SkeleLog.csv
1,2017-10-10_14-50-13_72057594037982648_SkeleLog.csv
1,2017-10-10_14-50-43_72057594037982865_SkeleLog.csv
1,2017-10-10_14-50-43_72057594037982866_SkeleLog.csv
1,2017-10-10_14-50-57_72057594037982985_SkeleLog.csv
1,2017-10-10_14-50-53_72057594037982961_SkeleLog.csv
1,2017-10-10_14-50-55_72057594037982978_SkeleLog.csv
1,2017-10-10_14-50-53_72057594037982951_SkeleLog.csv
1,2017-10-10_14-51-09_72057594037983045_SkeleLog.csv
1,2017-10-10_14-51-17_72057594037983046_SkeleLog.csv
1,2017-10-10_14-51-39_72057594037983141_SkeleLog.csv
1,2017-10-10_14-51-31_72057594037983121_SkeleLog.csv
1,2017-10-10_14-52-05_72057594037983284_SkeleLog.csv
1,2017-10-10_14-52-06_72057594037983295_SkeleLog.csv
1,2017-10-10_14-52-15_72057594037983393_SkeleLog.csv
1,2017-10-10_14-52-13_72057594037983381_SkeleLog.csv
1,2017-10-10_14-52-25_72057594037983487_SkeleLog.csv
1,2017-10-10_14-52-19_72057594037983455_SkeleLog.csv
1,2017-10-10_14-52-30_72057594037983502_SkeleLog.csv
1,2017-10-10_14-52-44_72057594037983608_SkeleLog.csv
1,2017-10-10_14-52-48_72057594037983638_SkeleLog.csv
1,2017-10-10_14-53-04_72057594037983699_SkeleLog.csv
1,2017-10-10_14-50-55_72057594037982975_SkeleLog.csv
1,2017-10-10_14-53-10_72057594037983729_SkeleLog.csv
1,2017-10-10_14-53-17_72057594037983848_SkeleLog.csv
1,2017-10-10_14-53-20_72057594037983855_SkeleLog.csv
1,2017-10-10_14-53-15_72057594037983819_SkeleLog.csv
1,2017-10-10_14-53-17_72057594037983841_SkeleLog.csv
1,2017-10-10_14-53-40_72057594037984027_SkeleLog.csv
1,2017-10-10_14-53-47_72057594037984156_SkeleLog.csv
1,2017-10-10_14-53-52_72057594037984209_SkeleLog.csv
1,2017-10-10_14-54-00_72057594037984245_SkeleLog.csv
1,2017-10-10_14-54-05_72057594037984309_SkeleLog.csv
1,2017-10-10_14-54-02_72057594037984259_SkeleLog.csv
1,2017-10-10_14-54-07_72057594037984342_SkeleLog.csv
1,2017-10-10_14-54-10_72057594037984343_SkeleLog.csv
1,2017-10-10_14-54-16_72057594037984408_SkeleLog.csv
1,2017-10-10_14-54-22_72057594037984424_SkeleLog.csv
1,2017-10-10_14-54-16_72057594037984411_SkeleLog.csv
1,2017-10-10_14-54-33_72057594037984475_SkeleLog.csv
1,2017-10-10_14-54-44_72057594037984536_SkeleLog.csv
1,2017-10-10_14-54-54_72057594037984657_SkeleLog.csv
1,2017-10-10_14-54-32_72057594037984454_SkeleLog.csv
1,2017-10-10_14-55-23_72057594037985119_SkeleLog.csv
1,2017-10-10_14-55-24_72057594037985143_SkeleLog.csv
1,2017-10-10_14-55-26_72057594037985147_SkeleLog.csv
1,2017-10-10_14-55-33_72057594037985176_SkeleLog.csv
1,2017-10-10_14-55-16_72057594037985036_SkeleLog.csv
1,2017-10-10_14-55-37_72057594037985224_SkeleLog.csv
1,2017-10-10_14-55-50_72057594037985350_SkeleLog.csv
1,2017-10-10_14-55-52_72057594037985364_SkeleLog.csv
1,2017-10-10_14-55-54_72057594037985366_SkeleLog.csv
1,2017-10-10_14-55-55_72057594037985384_SkeleLog.csv
1,2017-10-10_14-56-04_72057594037985564_SkeleLog.csv
1,2017-10-10_14-55-57_72057594037985429_SkeleLog.csv
1,2017-10-10_14-56-50_72057594037986053_SkeleLog.csv
1,2017-10-10_14-56-14_72057594037985756_SkeleLog.csv
1,2017-10-10_14-56-57_72057594037986198_SkeleLog.csv
1,2017-10-10_14-56-11_72057594037985721_SkeleLog.csv
1,2017-10-10_14-57-02_72057594037986276_SkeleLog.csv
1,2017-10-10_14-57-01_72057594037986256_SkeleLog.csv
1,2017-10-10_14-57-00_72057594037986229_SkeleLog.csv
1,2017-10-10_14-57-14_72057594037986476_SkeleLog.csv
1,2017-10-10_14-57-36_72057594037986793_SkeleLog.csv
1,2017-10-10_14-57-26_72057594037986572_SkeleLog.csv
1,2017-10-10_14-57-56_72057594037986848_SkeleLog.csv
1,2017-10-10_14-57-19_72057594037986493_SkeleLog.csv
1,2017-10-10_14-58-06_72057594037986987_SkeleLog.csv
1,2017-10-10_14-58-08_72057594037987005_SkeleLog.csv
1,2017-10-10_14-58-32_72057594037987225_SkeleLog.csv
1,2017-10-10_14-58-47_72057594037987275_SkeleLog.csv
1,2017-10-10_14-58-07_72057594037987000_SkeleLog.csv
1,2017-10-10_14-58-24_72057594037987114_SkeleLog.csv
1,2017-10-10_14-58-50_72057594037987293_SkeleLog.csv
1,2017-10-10_14-58-51_72057594037987294_SkeleLog.csv
1,2017-10-10_14-58-51_72057594037987295_SkeleLog.csv
1,2017-10-10_14-59-04_72057594037987337_SkeleLog.csv
1,2017-10-10_14-58-57_72057594037987327_SkeleLog.csv
1,2017-10-10_14-59-09_72057594037987350_SkeleLog.csv
1,2017-10-10_14-59-19_72057594037987567_SkeleLog.csv
1,2017-10-10_14-59-10_72057594037987371_SkeleLog.csv
1,2017-10-10_14-59-17_72057594037987499_SkeleLog.csv
1,2017-10-10_14-59-24_72057594037987633_SkeleLog.csv
1,2017-10-10_14-59-25_72057594037987653_SkeleLog.csv
1,2017-10-10_14-59-35_72057594037987753_SkeleLog.csv
1,2017-10-10_14-59-26_72057594037987667_SkeleLog.csv
2,2017-10-10_14-44-46_LEVERHERO_MinigameLog.csv
0,2017-10-10_14-44-46_InteractionEventLog.csv
1,2017-10-10_15-00-35_72057594037988066_SkeleLog.csv
1,2017-10-10_15-00-40_72057594037988115_SkeleLog.csv
1,2017-10-10_15-00-44_72057594037988138_SkeleLog.csv
1,2017-10-10_15-00-58_72057594037988215_SkeleLog.csv
2,2017-10-10_15-00-25_LEVERHERO_MinigameLog.csv
0,2017-10-10_15-00-25_InteractionEventLog.csv
1,2017-10-10_15-02-48_72057594037988364_SkeleLog.csv
1,2017-10-10_15-02-57_72057594037988413_SkeleLog.csv
2,2017-10-10_15-01-57_LEVERHERO_MinigameLog.csv
0,2017-10-10_15-01-57_InteractionEventLog.csv
0,2017-10-10_15-49-05_InteractionEventLog.csv
1,2017-10-10_16-03-52_72057594037989355_SkeleLog.csv
1,2017-10-10_16-04-21_72057594037989539_SkeleLog.csv
1,2017-10-10_16-04-18_72057594037989500_SkeleLog.csv
2,2017-10-10_16-03-43_SLINGSHOT_MinigameLog.csv
0,2017-10-10_16-03-43_InteractionEventLog.csv
1,2017-10-10_16-05-04_72057594037989688_SkeleLog.csv
1,2017-10-10_16-04-59_72057594037989682_SkeleLog.csv
1,2017-10-10_16-06-10_72057594037989692_SkeleLog.csv
1,2017-10-10_16-07-14_72057594037989900_SkeleLog.csv
1,2017-10-10_16-07-22_72057594037990041_SkeleLog.csv
1,2017-10-10_16-06-41_72057594037989897_SkeleLog.csv
1,2017-10-10_16-07-41_72057594037990191_SkeleLog.csv
2,2017-10-10_16-05-45_SLINGSHOT_MinigameLog.csv
0,2017-10-10_16-05-45_InteractionEventLog.csv
1,2017-10-10_16-08-12_72057594037990205_SkeleLog.csv
1,2017-10-10_16-09-08_72057594037990214_SkeleLog.csv
1,2017-10-10_16-09-21_72057594037990320_SkeleLog.csv
1,2017-10-10_16-09-36_72057594037990368_SkeleLog.csv
2,2017-10-10_16-08-53_SLINGSHOT_MinigameLog.csv
0,2017-10-10_16-08-53_InteractionEventLog.csv
1,2017-10-10_16-10-20_72057594037990745_SkeleLog.csv
1,2017-10-10_16-10-22_72057594037990747_SkeleLog.csv
1,2017-10-10_16-10-27_72057594037990789_SkeleLog.csv
1,2017-10-10_16-10-27_72057594037990791_SkeleLog.csv
1,2017-10-10_16-11-17_72057594037991563_SkeleLog.csv
1,2017-10-10_16-11-26_72057594037991758_SkeleLog.csv
1,2017-10-10_16-12-22_72057594037991968_SkeleLog.csv
1,2017-10-10_16-11-20_72057594037991619_SkeleLog.csv
1,2017-10-10_16-12-32_72057594037992060_SkeleLog.csv
1,2017-10-10_16-17-05_72057594037992262_SkeleLog.csv
2,2017-10-10_16-10-10_SLINGSHOT_MinigameLog.csv
0,2017-10-10_16-10-10_InteractionEventLog.csv
1,2017-10-10_16-17-42_72057594037992351_SkeleLog.csv
1,2017-10-10_16-18-20_72057594037992472_SkeleLog.csv
2,2017-10-10_16-17-42_SLINGSHOT_MinigameLog.csv
0,2017-10-10_16-17-42_InteractionEventLog.csv
1,2017-10-10_16-19-27_72057594037992554_SkeleLog.csv
2,2017-10-10_16-19-25_SLINGSHOT_MinigameLog.csv
0,2017-10-10_16-19-25_InteractionEventLog.csv
1,2017-10-10_16-20-41_72057594037993154_SkeleLog.csv
1,2017-10-10_16-20-28_72057594037992969_SkeleLog.csv
2,2017-10-10_16-20-11_SLINGSHOT_MinigameLog.csv
0,2017-10-10_16-20-11_InteractionEventLog.csv
1,2017-10-10_16-23-18_72057594037993457_SkeleLog.csv
1,2017-10-10_16-23-27_72057594037993542_SkeleLog.csv
1,2017-10-10_16-23-38_72057594037993562_SkeleLog.csv
1,2017-10-10_16-23-43_72057594037993563_SkeleLog.csv
1,2017-10-10_16-23-45_72057594037993564_SkeleLog.csv
1,2017-10-10_16-23-17_72057594037993448_SkeleLog.csv
1,2017-10-10_16-24-35_72057594037993703_SkeleLog.csv
1,2017-10-10_16-23-57_72057594037993622_SkeleLog.csv
1,2017-10-10_16-24-48_72057594037993763_SkeleLog.csv
1,2017-10-10_16-24-54_72057594037993778_SkeleLog.csv
1,2017-10-10_16-25-02_72057594037993785_SkeleLog.csv
1,2017-10-10_16-25-30_72057594037993887_SkeleLog.csv
1,2017-10-10_16-25-53_72057594037993966_SkeleLog.csv
1,2017-10-10_16-25-57_72057594037994020_SkeleLog.csv
1,2017-10-10_16-25-55_72057594037994016_SkeleLog.csv
1,2017-10-10_16-26-17_72057594037994203_SkeleLog.csv
1,2017-10-10_16-26-07_72057594037994021_SkeleLog.csv
1,2017-10-10_16-26-21_72057594037994232_SkeleLog.csv
1,2017-10-10_16-26-41_72057594037994478_SkeleLog.csv
1,2017-10-10_16-26-30_72057594037994397_SkeleLog.csv
1,2017-10-10_16-26-58_72057594037994544_SkeleLog.csv
1,2017-10-10_16-27-12_72057594037994551_SkeleLog.csv
1,2017-10-10_16-28-32_72057594037994832_SkeleLog.csv
1,2017-10-10_16-27-54_72057594037994645_SkeleLog.csv
1,2017-10-10_16-28-52_72057594037994835_SkeleLog.csv
2,2017-10-10_16-22-39_LEVERHERO_MinigameLog.csv
0,2017-10-10_16-22-39_InteractionEventLog.csv
1,2017-10-10_16-31-33_72057594037994930_SkeleLog.csv
1,2017-10-10_16-31-29_72057594037994921_SkeleLog.csv
1,2017-10-10_16-31-58_72057594037995063_SkeleLog.csv
1,2017-10-10_16-32-13_72057594037995120_SkeleLog.csv
1,2017-10-10_16-31-14_72057594037994892_SkeleLog.csv
1,2017-10-10_16-32-24_72057594037995242_SkeleLog.csv
1,2017-10-10_16-32-27_72057594037995270_SkeleLog.csv
1,2017-10-10_16-33-57_72057594037995612_SkeleLog.csv
1,2017-10-10_16-33-15_72057594037995578_SkeleLog.csv
1,2017-10-10_16-33-11_72057594037995535_SkeleLog.csv
1,2017-10-10_16-35-06_72057594037995673_SkeleLog.csv
1,2017-10-10_16-35-02_72057594037995653_SkeleLog.csv
1,2017-10-10_16-35-12_72057594037995674_SkeleLog.csv
1,2017-10-10_16-35-40_72057594037995988_SkeleLog.csv
1,2017-10-10_16-35-56_72057594037995993_SkeleLog.csv
1,2017-10-10_16-35-27_72057594037995979_SkeleLog.csv
1,2017-10-10_16-36-05_72057594037996027_SkeleLog.csv
1,2017-10-10_16-36-05_72057594037996026_SkeleLog.csv
1,2017-10-10_16-36-27_72057594037996391_SkeleLog.csv
1,2017-10-10_16-36-33_72057594037996468_SkeleLog.csv
1,2017-10-10_16-36-40_72057594037996515_SkeleLog.csv
1,2017-10-10_16-36-47_72057594037996522_SkeleLog.csv
1,2017-10-10_16-37-08_72057594037996831_SkeleLog.csv
1,2017-10-10_16-36-28_72057594037996407_SkeleLog.csv
1,2017-10-10_16-37-19_72057594037997056_SkeleLog.csv
1,2017-10-10_16-37-20_72057594037997072_SkeleLog.csv
1,2017-10-10_16-37-16_72057594037996991_SkeleLog.csv
1,2017-10-10_16-37-28_72057594037997238_SkeleLog.csv
1,2017-10-10_16-37-30_72057594037997240_SkeleLog.csv
1,2017-10-10_16-37-44_72057594037997406_SkeleLog.csv
1,2017-10-10_16-37-46_72057594037997448_SkeleLog.csv
1,2017-10-10_16-37-55_72057594037997560_SkeleLog.csv
1,2017-10-10_16-38-08_72057594037997731_SkeleLog.csv
1,2017-10-10_16-38-17_72057594037997816_SkeleLog.csv
1,2017-10-10_16-38-31_72057594037997917_SkeleLog.csv
1,2017-10-10_16-38-03_72057594037997655_SkeleLog.csv
1,2017-10-10_16-38-44_72057594037997993_SkeleLog.csv
2,2017-10-10_16-30-51_LEVERHERO_MinigameLog.csv
0,2017-10-10_16-30-51_InteractionEventLog.csv
1,2017-10-10_16-39-41_72057594037998431_SkeleLog.csv
1,2017-10-10_16-39-55_72057594037998574_SkeleLog.csv
1,2017-10-10_16-40-32_72057594037998953_SkeleLog.csv
1,2017-10-10_16-40-32_72057594037998960_SkeleLog.csv
1,2017-10-10_16-40-40_72057594037999033_SkeleLog.csv
1,2017-10-10_16-40-51_72057594037999070_SkeleLog.csv
1,2017-10-10_16-40-22_72057594037998849_SkeleLog.csv
1,2017-10-10_16-40-59_72057594037999111_SkeleLog.csv
1,2017-10-10_16-41-25_72057594037999313_SkeleLog.csv
1,2017-10-10_16-43-17_72057594037999390_SkeleLog.csv
1,2017-10-10_16-43-22_72057594037999466_SkeleLog.csv
1,2017-10-10_16-43-28_72057594037999467_SkeleLog.csv
1,2017-10-10_16-43-22_72057594037999450_SkeleLog.csv
1,2017-10-10_16-43-53_72057594037999867_SkeleLog.csv
1,2017-10-10_16-43-48_72057594037999778_SkeleLog.csv
1,2017-10-10_16-44-06_72057594038000070_SkeleLog.csv
1,2017-10-10_16-44-41_72057594038000578_SkeleLog.csv
1,2017-10-10_16-44-47_72057594038000606_SkeleLog.csv
1,2017-10-10_16-44-49_72057594038000675_SkeleLog.csv
1,2017-10-10_16-44-59_72057594038000684_SkeleLog.csv
1,2017-10-10_16-45-00_72057594038000689_SkeleLog.csv
1,2017-10-10_16-46-29_72057594038000968_SkeleLog.csv
1,2017-10-10_16-45-21_72057594038000871_SkeleLog.csv
1,2017-10-10_16-46-38_72057594038001000_SkeleLog.csv
1,2017-10-10_16-46-59_72057594038001199_SkeleLog.csv
1,2017-10-10_16-46-45_72057594038001081_SkeleLog.csv
1,2017-10-10_16-47-01_72057594038001200_SkeleLog.csv
1,2017-10-10_16-47-11_72057594038001279_SkeleLog.csv
1,2017-10-10_16-47-29_72057594038001388_SkeleLog.csv
1,2017-10-10_16-48-59_72057594038001571_SkeleLog.csv
1,2017-10-10_16-48-44_72057594038001509_SkeleLog.csv
1,2017-10-10_16-49-17_72057594038001645_SkeleLog.csv
1,2017-10-10_16-50-08_72057594038001964_SkeleLog.csv
1,2017-10-10_16-50-29_72057594038002090_SkeleLog.csv
2,2017-10-10_16-39-48_LEVERHERO_MinigameLog.csv
0,2017-10-10_16-39-48_InteractionEventLog.csv
1,2017-10-10_16-51-03_72057594038002643_SkeleLog.csv
1,2017-10-10_16-51-38_72057594038002715_SkeleLog.csv
1,2017-10-10_16-52-11_72057594038002914_SkeleLog.csv
1,2017-10-10_16-52-16_72057594038002915_SkeleLog.csv
1,2017-10-10_16-52-56_72057594038003025_SkeleLog.csv
1,2017-10-10_16-52-51_72057594038003002_SkeleLog.csv
1,2017-10-10_16-52-57_72057594038003026_SkeleLog.csv
1,2017-10-10_16-53-09_72057594038003037_SkeleLog.csv
1,2017-10-10_16-53-13_72057594038003085_SkeleLog.csv
1,2017-10-10_16-53-26_72057594038003098_SkeleLog.csv
1,2017-10-10_16-52-26_72057594038002930_SkeleLog.csv
1,2017-10-10_16-53-34_72057594038003237_SkeleLog.csv
1,2017-10-10_16-53-29_72057594038003160_SkeleLog.csv
1,2017-10-10_16-53-54_72057594038003385_SkeleLog.csv
1,2017-10-10_16-53-44_72057594038003364_SkeleLog.csv
1,2017-10-10_16-53-56_72057594038003413_SkeleLog.csv
1,2017-10-10_16-54-10_72057594038003571_SkeleLog.csv
1,2017-10-10_16-54-13_72057594038003580_SkeleLog.csv
1,2017-10-10_16-54-03_72057594038003514_SkeleLog.csv
1,2017-10-10_16-54-22_72057594038003583_SkeleLog.csv
1,2017-10-10_16-54-42_72057594038003669_SkeleLog.csv
1,2017-10-10_16-54-42_72057594038003673_SkeleLog.csv
1,2017-10-10_16-54-48_72057594038003720_SkeleLog.csv
1,2017-10-10_16-54-51_72057594038003760_SkeleLog.csv
1,2017-10-10_16-55-20_72057594038003849_SkeleLog.csv
1,2017-10-10_16-55-19_72057594038003848_SkeleLog.csv
1,2017-10-10_16-54-30_72057594038003596_SkeleLog.csv
1,2017-10-10_16-55-34_72057594038004008_SkeleLog.csv
1,2017-10-10_16-55-41_72057594038004025_SkeleLog.csv
1,2017-10-10_16-55-47_72057594038004043_SkeleLog.csv
1,2017-10-10_16-55-56_72057594038004047_SkeleLog.csv
1,2017-10-10_16-56-30_72057594038004471_SkeleLog.csv
1,2017-10-10_16-56-44_72057594038004595_SkeleLog.csv
1,2017-10-10_16-55-28_72057594038003861_SkeleLog.csv
1,2017-10-10_16-56-48_72057594038004598_SkeleLog.csv
1,2017-10-10_16-56-53_72057594038004618_SkeleLog.csv
1,2017-10-10_16-57-08_72057594038004734_SkeleLog.csv
1,2017-10-10_16-57-06_72057594038004690_SkeleLog.csv
1,2017-10-10_16-57-14_72057594038004758_SkeleLog.csv
1,2017-10-10_16-57-23_72057594038004838_SkeleLog.csv
1,2017-10-10_16-57-17_72057594038004830_SkeleLog.csv
1,2017-10-10_16-57-31_72057594038004970_SkeleLog.csv
1,2017-10-10_16-57-36_72057594038004994_SkeleLog.csv
1,2017-10-10_16-57-36_72057594038004995_SkeleLog.csv
1,2017-10-10_16-57-43_72057594038005021_SkeleLog.csv
1,2017-10-10_16-57-36_72057594038004996_SkeleLog.csv
1,2017-10-10_16-57-44_72057594038005026_SkeleLog.csv
1,2017-10-10_16-57-49_72057594038005083_SkeleLog.csv
1,2017-10-10_16-57-50_72057594038005102_SkeleLog.csv
1,2017-10-10_16-57-50_72057594038005109_SkeleLog.csv
1,2017-10-10_16-59-11_72057594038005294_SkeleLog.csv
1,2017-10-10_16-59-14_72057594038005317_SkeleLog.csv
1,2017-10-10_16-59-13_72057594038005312_SkeleLog.csv
1,2017-10-10_16-59-21_72057594038005423_SkeleLog.csv
1,2017-10-10_16-59-22_72057594038005430_SkeleLog.csv
1,2017-10-10_16-59-24_72057594038005447_SkeleLog.csv
1,2017-10-10_16-59-30_72057594038005450_SkeleLog.csv
1,2017-10-10_16-59-45_72057594038005506_SkeleLog.csv
1,2017-10-10_16-59-16_72057594038005333_SkeleLog.csv
1,2017-10-10_16-59-58_72057594038005569_SkeleLog.csv
1,2017-10-10_17-00-02_72057594038005619_SkeleLog.csv
1,2017-10-10_17-00-05_72057594038005640_SkeleLog.csv
1,2017-10-10_17-00-01_72057594038005611_SkeleLog.csv
1,2017-10-10_17-00-26_72057594038005859_SkeleLog.csv
1,2017-10-10_17-00-09_72057594038005645_SkeleLog.csv
1,2017-10-10_17-00-30_72057594038005911_SkeleLog.csv
1,2017-10-10_17-00-13_72057594038005652_SkeleLog.csv
1,2017-10-10_17-00-31_72057594038005932_SkeleLog.csv
1,2017-10-10_17-00-41_72057594038005988_SkeleLog.csv
1,2017-10-10_17-00-39_72057594038005967_SkeleLog.csv
1,2017-10-10_17-00-56_72057594038006025_SkeleLog.csv
1,2017-10-10_17-01-07_72057594038006100_SkeleLog.csv
1,2017-10-10_17-01-11_72057594038006152_SkeleLog.csv
1,2017-10-10_17-01-26_72057594038006190_SkeleLog.csv
1,2017-10-10_17-01-36_72057594038006207_SkeleLog.csv
1,2017-10-10_17-01-38_72057594038006211_SkeleLog.csv
1,2017-10-10_17-01-46_72057594038006219_SkeleLog.csv
1,2017-10-10_17-01-50_72057594038006248_SkeleLog.csv
1,2017-10-10_17-02-00_72057594038006308_SkeleLog.csv
1,2017-10-10_17-02-15_72057594038006436_SkeleLog.csv
1,2017-10-10_17-02-16_72057594038006471_SkeleLog.csv
1,2017-10-10_17-01-48_72057594038006244_SkeleLog.csv
1,2017-10-10_17-02-19_72057594038006477_SkeleLog.csv
1,2017-10-10_17-02-22_72057594038006479_SkeleLog.csv
1,2017-10-10_17-02-19_72057594038006478_SkeleLog.csv
1,2017-10-10_17-02-32_72057594038006570_SkeleLog.csv
1,2017-10-10_17-02-30_72057594038006569_SkeleLog.csv
1,2017-10-10_17-02-26_72057594038006525_SkeleLog.csv
1,2017-10-10_17-02-33_72057594038006573_SkeleLog.csv
1,2017-10-10_17-02-29_72057594038006556_SkeleLog.csv
1,2017-10-10_17-02-36_72057594038006578_SkeleLog.csv
1,2017-10-10_17-02-36_72057594038006581_SkeleLog.csv
1,2017-10-10_17-02-45_72057594038006616_SkeleLog.csv
1,2017-10-10_17-02-54_72057594038006673_SkeleLog.csv
1,2017-10-10_17-02-42_72057594038006610_SkeleLog.csv
1,2017-10-10_17-02-38_72057594038006600_SkeleLog.csv
1,2017-10-10_17-03-12_72057594038006713_SkeleLog.csv
1,2017-10-10_17-04-06_72057594038006946_SkeleLog.csv
1,2017-10-10_17-03-25_72057594038006769_SkeleLog.csv
1,2017-10-10_17-04-16_72057594038006955_SkeleLog.csv
1,2017-10-10_17-04-20_72057594038007017_SkeleLog.csv
1,2017-10-10_17-04-22_72057594038007035_SkeleLog.csv
1,2017-10-10_17-04-41_72057594038007095_SkeleLog.csv
1,2017-10-10_17-04-53_72057594038007199_SkeleLog.csv
1,2017-10-10_17-04-45_72057594038007120_SkeleLog.csv
1,2017-10-10_17-04-57_72057594038007262_SkeleLog.csv
1,2017-10-10_17-05-07_72057594038007298_SkeleLog.csv
1,2017-10-10_17-05-01_72057594038007272_SkeleLog.csv
1,2017-10-10_17-05-11_72057594038007299_SkeleLog.csv
1,2017-10-10_17-05-30_72057594038007329_SkeleLog.csv
1,2017-10-10_17-05-34_72057594038007361_SkeleLog.csv
1,2017-10-10_17-05-51_72057594038007491_SkeleLog.csv
1,2017-10-10_17-05-44_72057594038007455_SkeleLog.csv
1,2017-10-10_17-05-45_72057594038007489_SkeleLog.csv
1,2017-10-10_17-06-00_72057594038007499_SkeleLog.csv
1,2017-10-10_17-06-02_72057594038007511_SkeleLog.csv
1,2017-10-10_17-06-47_72057594038007726_SkeleLog.csv
1,2017-10-10_17-06-10_72057594038007617_SkeleLog.csv
1,2017-10-10_17-06-52_72057594038007740_SkeleLog.csv
1,2017-10-10_17-07-31_72057594038007967_SkeleLog.csv
1,2017-10-10_17-07-26_72057594038007947_SkeleLog.csv
1,2017-10-10_17-07-39_72057594038008029_SkeleLog.csv
1,2017-10-10_17-06-48_72057594038007731_SkeleLog.csv
1,2017-10-10_17-07-53_72057594038008177_SkeleLog.csv
1,2017-10-10_17-08-35_72057594038008347_SkeleLog.csv
1,2017-10-10_17-08-11_72057594038008188_SkeleLog.csv
1,2017-10-10_17-08-56_72057594038008763_SkeleLog.csv
1,2017-10-10_17-08-52_72057594038008668_SkeleLog.csv
1,2017-10-10_17-09-33_72057594038008927_SkeleLog.csv
1,2017-10-10_17-09-47_72057594038008983_SkeleLog.csv
1,2017-10-10_17-10-19_72057594038009078_SkeleLog.csv
1,2017-10-10_17-10-16_72057594038009055_SkeleLog.csv
1,2017-10-10_17-10-48_72057594038009094_SkeleLog.csv
1,2017-10-10_17-10-52_72057594038009123_SkeleLog.csv
1,2017-10-10_17-10-54_72057594038009155_SkeleLog.csv
1,2017-10-10_17-10-54_72057594038009157_SkeleLog.csv
1,2017-10-10_17-11-14_72057594038009187_SkeleLog.csv
1,2017-10-10_17-11-17_72057594038009212_SkeleLog.csv
1,2017-10-10_17-11-18_72057594038009237_SkeleLog.csv
1,2017-10-10_17-11-27_72057594038009292_SkeleLog.csv
1,2017-10-10_17-11-51_72057594038009389_SkeleLog.csv
1,2017-10-10_17-11-55_72057594038009411_SkeleLog.csv
1,2017-10-10_17-12-04_72057594038009458_SkeleLog.csv
1,2017-10-10_17-12-11_72057594038009467_SkeleLog.csv
1,2017-10-10_17-12-02_72057594038009454_SkeleLog.csv
1,2017-10-10_17-12-17_72057594038009554_SkeleLog.csv
1,2017-10-10_17-12-34_72057594038009687_SkeleLog.csv
1,2017-10-10_17-12-59_72057594038009821_SkeleLog.csv
1,2017-10-10_17-13-35_72057594038010072_SkeleLog.csv
1,2017-10-10_17-13-53_72057594038010090_SkeleLog.csv
1,2017-10-10_17-14-05_72057594038010098_SkeleLog.csv
1,2017-10-10_17-14-02_72057594038010092_SkeleLog.csv
1,2017-10-10_17-13-37_72057594038010089_SkeleLog.csv
1,2017-10-10_17-14-12_72057594038010151_SkeleLog.csv
1,2017-10-10_17-12-49_72057594038009706_SkeleLog.csv
1,2017-10-10_17-14-25_72057594038010231_SkeleLog.csv
1,2017-10-10_17-14-26_72057594038010232_SkeleLog.csv
1,2017-10-10_17-14-59_72057594038010277_SkeleLog.csv
1,2017-10-10_17-17-20_72057594038011182_SkeleLog.csv
1,2017-10-10_17-17-26_72057594038011202_SkeleLog.csv
1,2017-10-10_17-17-28_72057594038011224_SkeleLog.csv
1,2017-10-10_17-19-02_72057594038011540_SkeleLog.csv
1,2017-10-10_17-18-32_72057594038011323_SkeleLog.csv
1,2017-10-10_17-19-35_72057594038011715_SkeleLog.csv
1,2017-10-10_17-20-10_72057594038011815_SkeleLog.csv
1,2017-10-10_17-20-19_72057594038011829_SkeleLog.csv
1,2017-10-10_17-20-22_72057594038011830_SkeleLog.csv
1,2017-10-10_17-20-00_72057594038011810_SkeleLog.csv
1,2017-10-10_17-20-30_72057594038011854_SkeleLog.csv
1,2017-10-10_17-20-28_72057594038011847_SkeleLog.csv
1,2017-10-10_17-20-33_72057594038011855_SkeleLog.csv
1,2017-10-10_17-20-38_72057594038011874_SkeleLog.csv
1,2017-10-10_17-20-38_72057594038011882_SkeleLog.csv
1,2017-10-10_17-22-19_72057594038011959_SkeleLog.csv
1,2017-10-10_17-23-01_72057594038012013_SkeleLog.csv
1,2017-10-10_17-23-07_72057594038012034_SkeleLog.csv
1,2017-10-10_17-23-14_72057594038012064_SkeleLog.csv
1,2017-10-10_17-23-27_72057594038012180_SkeleLog.csv
1,2017-10-10_17-23-09_72057594038012057_SkeleLog.csv
1,2017-10-10_17-23-22_72057594038012102_SkeleLog.csv
1,2017-10-10_17-23-31_72057594038012204_SkeleLog.csv
1,2017-10-10_17-23-09_72057594038012061_SkeleLog.csv
1,2017-10-10_17-25-05_72057594038012360_SkeleLog.csv
1,2017-10-10_17-25-38_72057594038012362_SkeleLog.csv
1,2017-10-10_17-25-41_72057594038012382_SkeleLog.csv
1,2017-10-10_17-25-46_72057594038012405_SkeleLog.csv
1,2017-10-10_17-25-22_72057594038012361_SkeleLog.csv
1,2017-10-10_17-26-02_72057594038012416_SkeleLog.csv
1,2017-10-10_17-26-21_72057594038012459_SkeleLog.csv
1,2017-10-10_17-25-52_72057594038012407_SkeleLog.csv
1,2017-10-10_17-26-34_72057594038012494_SkeleLog.csv
1,2017-10-10_17-26-36_72057594038012496_SkeleLog.csv
1,2017-10-10_17-26-40_72057594038012552_SkeleLog.csv
1,2017-10-10_17-26-44_72057594038012559_SkeleLog.csv
1,2017-10-10_17-26-27_72057594038012472_SkeleLog.csv
1,2017-10-10_17-26-47_72057594038012560_SkeleLog.csv
1,2017-10-10_17-27-14_72057594038012561_SkeleLog.csv
1,2017-10-10_17-27-30_72057594038012597_SkeleLog.csv
1,2017-10-10_17-27-37_72057594038012599_SkeleLog.csv
1,2017-10-10_17-27-47_72057594038012600_SkeleLog.csv
1,2017-10-10_17-27-30_72057594038012598_SkeleLog.csv
1,2017-10-10_17-27-49_72057594038012608_SkeleLog.csv
1,2017-10-10_17-28-00_72057594038012609_SkeleLog.csv
1,2017-10-10_17-27-48_72057594038012607_SkeleLog.csv
1,2017-10-10_17-28-10_72057594038012643_SkeleLog.csv
1,2017-10-10_17-28-20_72057594038012644_SkeleLog.csv
1,2017-10-10_17-28-09_72057594038012642_SkeleLog.csv
1,2017-10-10_17-28-23_72057594038012689_SkeleLog.csv
1,2017-10-10_17-28-28_72057594038012724_SkeleLog.csv
1,2017-10-10_17-28-29_72057594038012725_SkeleLog.csv
1,2017-10-10_17-28-24_72057594038012699_SkeleLog.csv
1,2017-10-10_17-28-34_72057594038012758_SkeleLog.csv
1,2017-10-10_17-28-45_72057594038012807_SkeleLog.csv
1,2017-10-10_17-28-49_72057594038012810_SkeleLog.csv
1,2017-10-10_17-28-51_72057594038012811_SkeleLog.csv
1,2017-10-10_17-28-48_72057594038012808_SkeleLog.csv
1,2017-10-10_17-28-37_72057594038012782_SkeleLog.csv
1,2017-10-10_17-28-58_72057594038012839_SkeleLog.csv
1,2017-10-10_17-28-58_72057594038012838_SkeleLog.csv
1,2017-10-10_17-29-03_72057594038012856_SkeleLog.csv
1,2017-10-10_17-29-10_72057594038012906_SkeleLog.csv
1,2017-10-10_17-29-15_72057594038012922_SkeleLog.csv
1,2017-10-10_17-29-10_72057594038012912_SkeleLog.csv
1,2017-10-10_17-29-16_72057594038012928_SkeleLog.csv
1,2017-10-10_17-29-18_72057594038012942_SkeleLog.csv
1,2017-10-10_17-29-23_72057594038012986_SkeleLog.csv
1,2017-10-10_17-29-27_72057594038013011_SkeleLog.csv
1,2017-10-10_17-29-42_72057594038013045_SkeleLog.csv
1,2017-10-10_17-29-44_72057594038013046_SkeleLog.csv
1,2017-10-10_17-29-46_72057594038013047_SkeleLog.csv
1,2017-10-10_17-29-59_72057594038013088_SkeleLog.csv
1,2017-10-10_17-29-50_72057594038013073_SkeleLog.csv
1,2017-10-10_17-30-23_72057594038013202_SkeleLog.csv
1,2017-10-10_17-30-30_72057594038013367_SkeleLog.csv
1,2017-10-10_17-29-21_72057594038012952_SkeleLog.csv
1,2017-10-10_17-30-31_72057594038013373_SkeleLog.csv
1,2017-10-10_17-30-39_72057594038013400_SkeleLog.csv
1,2017-10-10_17-30-12_72057594038013194_SkeleLog.csv
1,2017-10-10_17-30-42_72057594038013422_SkeleLog.csv
1,2017-10-10_17-30-42_72057594038013424_SkeleLog.csv
1,2017-10-10_17-30-50_72057594038013426_SkeleLog.csv
1,2017-10-10_17-31-06_72057594038013428_SkeleLog.csv
1,2017-10-10_17-31-09_72057594038013429_SkeleLog.csv
1,2017-10-10_17-30-52_72057594038013427_SkeleLog.csv
1,2017-10-10_17-31-15_72057594038013477_SkeleLog.csv
1,2017-10-10_17-31-09_72057594038013441_SkeleLog.csv
1,2017-10-10_17-31-20_72057594038013479_SkeleLog.csv
1,2017-10-10_17-31-16_72057594038013478_SkeleLog.csv
1,2017-10-10_17-31-42_72057594038013595_SkeleLog.csv
1,2017-10-10_17-31-45_72057594038013611_SkeleLog.csv
1,2017-10-10_17-31-56_72057594038013655_SkeleLog.csv
1,2017-10-10_17-32-13_72057594038013778_SkeleLog.csv
1,2017-10-10_17-33-03_72057594038013925_SkeleLog.csv
1,2017-10-10_17-31-27_72057594038013533_SkeleLog.csv
1,2017-10-10_17-33-28_72057594038014110_SkeleLog.csv
1,2017-10-10_17-33-55_72057594038014227_SkeleLog.csv
1,2017-10-10_17-33-46_72057594038014208_SkeleLog.csv
1,2017-10-10_17-34-12_72057594038014309_SkeleLog.csv
1,2017-10-10_17-36-39_72057594038014686_SkeleLog.csv
1,2017-10-10_17-37-10_72057594038014889_SkeleLog.csv
1,2017-10-10_17-37-28_72057594038014931_SkeleLog.csv
1,2017-10-10_17-37-33_72057594038014932_SkeleLog.csv
1,2017-10-10_17-37-42_72057594038014938_SkeleLog.csv
1,2017-10-10_17-37-22_72057594038014920_SkeleLog.csv
1,2017-10-10_17-37-46_72057594038014940_SkeleLog.csv
1,2017-10-10_17-36-47_72057594038014737_SkeleLog.csv
1,2017-10-10_17-37-49_72057594038014963_SkeleLog.csv
1,2017-10-10_17-37-50_72057594038015001_SkeleLog.csv
1,2017-10-10_17-37-49_72057594038014972_SkeleLog.csv
1,2017-10-10_17-37-57_72057594038015075_SkeleLog.csv
1,2017-10-10_17-37-53_72057594038015051_SkeleLog.csv
1,2017-10-10_17-38-29_72057594038015236_SkeleLog.csv
1,2017-10-10_17-39-17_72057594038015263_SkeleLog.csv
1,2017-10-10_17-38-00_72057594038015111_SkeleLog.csv
1,2017-10-10_17-39-31_72057594038015265_SkeleLog.csv
1,2017-10-10_17-40-00_72057594038015308_SkeleLog.csv
1,2017-10-10_17-40-10_72057594038015313_SkeleLog.csv
2,2017-10-10_16-50-51_LEVERHERO_MinigameLog.csv
0,2017-10-10_16-50-51_InteractionEventLog.csv
1,2017-10-10_17-39-32_72057594038015276_SkeleLog.csv
1,2017-10-10_17-44-34_72057594038015987_SkeleLog.csv
2,2017-10-10_17-43-19_SLINGSHOT_MinigameLog.csv
0,2017-10-10_17-43-19_InteractionEventLog.csv
2,2017-10-10_17-45-52_SLINGSHOT_MinigameLog.csv
0,2017-10-10_17-45-52_InteractionEventLog.csv
1,2017-10-10_17-46-23_72057594038016064_SkeleLog.csv
1,2017-10-10_17-46-59_72057594038016158_SkeleLog.csv
1,2017-10-10_17-47-37_72057594038016227_SkeleLog.csv
1,2017-10-10_17-47-26_72057594038016214_SkeleLog.csv
1,2017-10-10_17-47-41_72057594038016300_SkeleLog.csv
1,2017-10-10_17-47-39_72057594038016238_SkeleLog.csv
1,2017-10-10_17-48-47_72057594038016749_SkeleLog.csv
1,2017-10-10_17-48-50_72057594038016782_SkeleLog.csv
1,2017-10-10_17-49-03_72057594038016846_SkeleLog.csv
1,2017-10-10_17-49-13_72057594038016863_SkeleLog.csv
1,2017-10-10_17-48-37_72057594038016735_SkeleLog.csv
1,2017-10-10_17-49-18_72057594038016873_SkeleLog.csv
1,2017-10-10_17-50-37_72057594038016930_SkeleLog.csv
1,2017-10-10_17-51-00_72057594038017006_SkeleLog.csv
1,2017-10-10_17-51-00_72057594038017001_SkeleLog.csv
2,2017-10-10_17-46-28_SLINGSHOT_MinigameLog.csv
0,2017-10-10_17-46-28_InteractionEventLog.csv
1,2017-10-10_17-51-46_72057594038017010_SkeleLog.csv
1,2017-10-10_17-51-48_72057594038017011_SkeleLog.csv
1,2017-10-10_17-52-25_72057594038017019_SkeleLog.csv
1,2017-10-10_17-52-55_72057594038017112_SkeleLog.csv
1,2017-10-10_17-52-34_72057594038017023_SkeleLog.csv
1,2017-10-10_17-53-35_72057594038017331_SkeleLog.csv
1,2017-10-10_17-53-40_72057594038017334_SkeleLog.csv
2,2017-10-10_17-51-37_SLINGSHOT_MinigameLog.csv
0,2017-10-10_17-51-37_InteractionEventLog.csv
1,2017-10-10_18-19-04_72057594038017785_SkeleLog.csv
2,2017-10-10_18-18-59_SLINGSHOT_MinigameLog.csv
